file,line,type,commit,author,date,time,timezone,datetime,depth,length
style.css,1,css,e23f060c,Parth Shinde,2025-04-19,18:28:33,-07:00,2025-04-19T18:28:33-07:00,0,4
style.css,2,css,e23f060c,Parth Shinde,2025-04-19,18:28:33,-07:00,2025-04-19T18:28:33-07:00,1,23
style.css,3,css,e23f060c,Parth Shinde,2025-04-19,18:28:33,-07:00,2025-04-19T18:28:33-07:00,1,33
style.css,4,css,e23f060c,Parth Shinde,2025-04-19,18:28:33,-07:00,2025-04-19T18:28:33-07:00,1,15
style.css,5,css,e23f060c,Parth Shinde,2025-04-19,18:28:33,-07:00,2025-04-19T18:28:33-07:00,0,0
style.css,6,css,e23f060c,Parth Shinde,2025-04-19,18:28:33,-07:00,2025-04-19T18:28:33-07:00,1,14
style.css,7,css,e23f060c,Parth Shinde,2025-04-19,18:28:33,-07:00,2025-04-19T18:28:33-07:00,0,0
style.css,8,css,e23f060c,Parth Shinde,2025-04-19,18:28:33,-07:00,2025-04-19T18:28:33-07:00,1,42
style.css,9,css,e23f060c,Parth Shinde,2025-04-19,18:28:33,-07:00,2025-04-19T18:28:33-07:00,0,0
style.css,10,css,e23f060c,Parth Shinde,2025-04-19,18:28:33,-07:00,2025-04-19T18:28:33-07:00,1,18
style.css,11,css,e23f060c,Parth Shinde,2025-04-19,18:28:33,-07:00,2025-04-19T18:28:33-07:00,0,0
style.css,12,css,e23f060c,Parth Shinde,2025-04-19,18:28:33,-07:00,2025-04-19T18:28:33-07:00,0,0
style.css,13,css,e23f060c,Parth Shinde,2025-04-19,18:28:33,-07:00,2025-04-19T18:28:33-07:00,0,0
style.css,14,css,e23f060c,Parth Shinde,2025-04-19,18:28:33,-07:00,2025-04-19T18:28:33-07:00,0,5
style.css,15,css,e23f060c,Parth Shinde,2025-04-19,18:28:33,-07:00,2025-04-19T18:28:33-07:00,1,38
style.css,16,css,e23f060c,Parth Shinde,2025-04-19,18:28:33,-07:00,2025-04-19T18:28:33-07:00,1,39
style.css,17,css,e23f060c,Parth Shinde,2025-04-19,18:28:33,-07:00,2025-04-19T18:28:33-07:00,0,0
style.css,18,css,e23f060c,Parth Shinde,2025-04-19,18:28:33,-07:00,2025-04-19T18:28:33-07:00,0,0
style.css,19,css,e23f060c,Parth Shinde,2025-04-19,18:28:33,-07:00,2025-04-19T18:28:33-07:00,0,0
style.css,20,css,e23f060c,Parth Shinde,2025-04-19,18:28:33,-07:00,2025-04-19T18:28:33-07:00,0,4
style.css,21,css,e23f060c,Parth Shinde,2025-04-19,18:28:33,-07:00,2025-04-19T18:28:33-07:00,1,23
style.css,22,css,e23f060c,Parth Shinde,2025-04-19,18:28:33,-07:00,2025-04-19T18:28:33-07:00,1,32
style.css,23,css,e23f060c,Parth Shinde,2025-04-19,18:28:33,-07:00,2025-04-19T18:28:33-07:00,1,17
style.css,24,css,e23f060c,Parth Shinde,2025-04-19,18:28:33,-07:00,2025-04-19T18:28:33-07:00,1,16
style.css,25,css,e23f060c,Parth Shinde,2025-04-19,18:28:33,-07:00,2025-04-19T18:28:33-07:00,0,0
style.css,26,css,e23f060c,Parth Shinde,2025-04-19,18:28:33,-07:00,2025-04-19T18:28:33-07:00,0,0
style.css,27,css,e23f060c,Parth Shinde,2025-04-19,18:28:33,-07:00,2025-04-19T18:28:33-07:00,0,0
style.css,28,css,e23f060c,Parth Shinde,2025-04-19,18:28:33,-07:00,2025-04-19T18:28:33-07:00,0,5
style.css,29,css,e23f060c,Parth Shinde,2025-04-19,18:28:33,-07:00,2025-04-19T18:28:33-07:00,0,6
style.css,30,css,e23f060c,Parth Shinde,2025-04-19,18:28:33,-07:00,2025-04-19T18:28:33-07:00,1,16
style.css,31,css,e23f060c,Parth Shinde,2025-04-19,18:28:33,-07:00,2025-04-19T18:28:33-07:00,0,0
style.css,32,css,e23f060c,Parth Shinde,2025-04-19,18:28:33,-07:00,2025-04-19T18:28:33-07:00,0,0
style.css,33,css,e23f060c,Parth Shinde,2025-04-19,18:28:33,-07:00,2025-04-19T18:28:33-07:00,0,0
style.css,34,css,e23f060c,Parth Shinde,2025-04-19,18:28:33,-07:00,2025-04-19T18:28:33-07:00,0,3
style.css,35,css,e23f060c,Parth Shinde,2025-04-19,18:28:33,-07:00,2025-04-19T18:28:33-07:00,1,12
style.css,36,css,e23f060c,Parth Shinde,2025-04-19,18:28:33,-07:00,2025-04-19T18:28:33-07:00,1,18
style.css,37,css,e23f060c,Parth Shinde,2025-04-19,18:28:33,-07:00,2025-04-19T18:28:33-07:00,1,43
style.css,38,css,e23f060c,Parth Shinde,2025-04-19,18:28:33,-07:00,2025-04-19T18:28:33-07:00,0,0
style.css,39,css,e23f060c,Parth Shinde,2025-04-19,18:28:33,-07:00,2025-04-19T18:28:33-07:00,0,0
style.css,40,css,e23f060c,Parth Shinde,2025-04-19,18:28:33,-07:00,2025-04-19T18:28:33-07:00,0,0
style.css,41,css,e23f060c,Parth Shinde,2025-04-19,18:28:33,-07:00,2025-04-19T18:28:33-07:00,0,5
style.css,42,css,e23f060c,Parth Shinde,2025-04-19,18:28:33,-07:00,2025-04-19T18:28:33-07:00,1,13
style.css,43,css,e23f060c,Parth Shinde,2025-04-19,18:28:33,-07:00,2025-04-19T18:28:33-07:00,1,6
style.css,44,css,e23f060c,Parth Shinde,2025-04-19,18:28:33,-07:00,2025-04-19T18:28:33-07:00,1,20
style.css,45,css,e23f060c,Parth Shinde,2025-04-19,18:28:33,-07:00,2025-04-19T18:28:33-07:00,1,13
style.css,46,css,e23f060c,Parth Shinde,2025-04-19,18:28:33,-07:00,2025-04-19T18:28:33-07:00,1,17
style.css,47,css,e23f060c,Parth Shinde,2025-04-19,18:28:33,-07:00,2025-04-19T18:28:33-07:00,1,13
style.css,48,css,e23f060c,Parth Shinde,2025-04-19,18:28:33,-07:00,2025-04-19T18:28:33-07:00,0,0
style.css,49,css,e23f060c,Parth Shinde,2025-04-19,18:28:33,-07:00,2025-04-19T18:28:33-07:00,0,0
style.css,50,css,e23f060c,Parth Shinde,2025-04-19,18:28:33,-07:00,2025-04-19T18:28:33-07:00,0,0
style.css,51,css,e23f060c,Parth Shinde,2025-04-19,18:28:33,-07:00,2025-04-19T18:28:33-07:00,0,13
style.css,52,css,e23f060c,Parth Shinde,2025-04-19,18:28:33,-07:00,2025-04-19T18:28:33-07:00,1,43
style.css,53,css,e23f060c,Parth Shinde,2025-04-19,18:28:33,-07:00,2025-04-19T18:28:33-07:00,1,34
style.css,54,css,e23f060c,Parth Shinde,2025-04-19,18:28:33,-07:00,2025-04-19T18:28:33-07:00,0,0
style.css,55,css,e23f060c,Parth Shinde,2025-04-19,18:28:33,-07:00,2025-04-19T18:28:33-07:00,0,0
style.css,56,css,e23f060c,Parth Shinde,2025-04-19,18:28:33,-07:00,2025-04-19T18:28:33-07:00,0,0
style.css,57,css,e23f060c,Parth Shinde,2025-04-19,18:28:33,-07:00,2025-04-19T18:28:33-07:00,0,11
style.css,58,css,e23f060c,Parth Shinde,2025-04-19,18:28:33,-07:00,2025-04-19T18:28:33-07:00,1,45
style.css,59,css,e23f060c,Parth Shinde,2025-04-19,18:28:33,-07:00,2025-04-19T18:28:33-07:00,1,57
style.css,60,css,e23f060c,Parth Shinde,2025-04-19,18:28:33,-07:00,2025-04-19T18:28:33-07:00,0,0
style.css,61,css,e23f060c,Parth Shinde,2025-04-19,18:28:33,-07:00,2025-04-19T18:28:33-07:00,0,0
style.css,62,css,e23f060c,Parth Shinde,2025-04-19,18:28:33,-07:00,2025-04-19T18:28:33-07:00,0,0
style.css,63,css,e23f060c,Parth Shinde,2025-04-19,18:28:33,-07:00,2025-04-19T18:28:33-07:00,0,9
style.css,64,css,e23f060c,Parth Shinde,2025-04-19,18:28:33,-07:00,2025-04-19T18:28:33-07:00,0,12
style.css,65,css,e23f060c,Parth Shinde,2025-04-19,18:28:33,-07:00,2025-04-19T18:28:33-07:00,0,11
style.css,66,css,e23f060c,Parth Shinde,2025-04-19,18:28:33,-07:00,2025-04-19T18:28:33-07:00,1,12
style.css,67,css,e23f060c,Parth Shinde,2025-04-19,18:28:33,-07:00,2025-04-19T18:28:33-07:00,0,0
style.css,68,css,e23f060c,Parth Shinde,2025-04-19,18:28:33,-07:00,2025-04-19T18:28:33-07:00,0,0
style.css,69,css,e23f060c,Parth Shinde,2025-04-19,18:28:33,-07:00,2025-04-19T18:28:33-07:00,0,0
style.css,70,css,e23f060c,Parth Shinde,2025-04-19,18:28:33,-07:00,2025-04-19T18:28:33-07:00,0,4
style.css,71,css,e23f060c,Parth Shinde,2025-04-19,18:28:33,-07:00,2025-04-19T18:28:33-07:00,1,12
style.css,72,css,e23f060c,Parth Shinde,2025-04-19,18:28:33,-07:00,2025-04-19T18:28:33-07:00,1,30
style.css,73,css,e23f060c,Parth Shinde,2025-04-19,18:28:33,-07:00,2025-04-19T18:28:33-07:00,1,7
style.css,74,css,e23f060c,Parth Shinde,2025-04-19,18:28:33,-07:00,2025-04-19T18:28:33-07:00,0,0
style.css,75,css,e23f060c,Parth Shinde,2025-04-19,18:28:33,-07:00,2025-04-19T18:28:33-07:00,0,0
style.css,76,css,e23f060c,Parth Shinde,2025-04-19,18:28:33,-07:00,2025-04-19T18:28:33-07:00,0,0
style.css,77,css,e23f060c,Parth Shinde,2025-04-19,18:28:33,-07:00,2025-04-19T18:28:33-07:00,0,11
style.css,78,css,e23f060c,Parth Shinde,2025-04-19,18:28:33,-07:00,2025-04-19T18:28:33-07:00,0,13
style.css,79,css,e23f060c,Parth Shinde,2025-04-19,18:28:33,-07:00,2025-04-19T18:28:33-07:00,1,18
style.css,80,css,e23f060c,Parth Shinde,2025-04-19,18:28:33,-07:00,2025-04-19T18:28:33-07:00,0,0
style.css,81,css,e23f060c,Parth Shinde,2025-04-19,18:28:33,-07:00,2025-04-19T18:28:33-07:00,0,0
style.css,82,css,e23f060c,Parth Shinde,2025-04-19,18:28:33,-07:00,2025-04-19T18:28:33-07:00,0,0
style.css,83,css,e23f060c,Parth Shinde,2025-04-19,18:28:33,-07:00,2025-04-19T18:28:33-07:00,0,12
style.css,84,css,e23f060c,Parth Shinde,2025-04-19,18:28:33,-07:00,2025-04-19T18:28:33-07:00,1,12
style.css,85,css,e23f060c,Parth Shinde,2025-04-19,18:28:33,-07:00,2025-04-19T18:28:33-07:00,1,29
style.css,86,css,e23f060c,Parth Shinde,2025-04-19,18:28:33,-07:00,2025-04-19T18:28:33-07:00,0,0
style.css,87,css,e23f060c,Parth Shinde,2025-04-19,18:28:33,-07:00,2025-04-19T18:28:33-07:00,0,0
style.css,88,css,e23f060c,Parth Shinde,2025-04-19,18:28:33,-07:00,2025-04-19T18:28:33-07:00,0,0
style.css,89,css,e23f060c,Parth Shinde,2025-04-19,18:28:33,-07:00,2025-04-19T18:28:33-07:00,0,9
style.css,90,css,e23f060c,Parth Shinde,2025-04-19,18:28:33,-07:00,2025-04-19T18:28:33-07:00,1,12
style.css,91,css,e23f060c,Parth Shinde,2025-04-19,18:28:33,-07:00,2025-04-19T18:28:33-07:00,1,58
style.css,92,css,e23f060c,Parth Shinde,2025-04-19,18:28:33,-07:00,2025-04-19T18:28:33-07:00,1,7
style.css,93,css,e23f060c,Parth Shinde,2025-04-19,18:28:33,-07:00,2025-04-19T18:28:33-07:00,1,15
style.css,94,css,e23f060c,Parth Shinde,2025-04-19,18:28:33,-07:00,2025-04-19T18:28:33-07:00,1,18
style.css,95,css,e23f060c,Parth Shinde,2025-04-19,18:28:33,-07:00,2025-04-19T18:28:33-07:00,0,0
style.css,96,css,e23f060c,Parth Shinde,2025-04-19,18:28:33,-07:00,2025-04-19T18:28:33-07:00,0,0
style.css,97,css,e23f060c,Parth Shinde,2025-04-19,18:28:33,-07:00,2025-04-19T18:28:33-07:00,0,0
style.css,98,css,e23f060c,Parth Shinde,2025-04-19,18:28:33,-07:00,2025-04-19T18:28:33-07:00,0,19
style.css,99,css,e23f060c,Parth Shinde,2025-04-19,18:28:33,-07:00,2025-04-19T18:28:33-07:00,1,12
style.css,100,css,e23f060c,Parth Shinde,2025-04-19,18:28:33,-07:00,2025-04-19T18:28:33-07:00,1,26
style.css,101,css,e23f060c,Parth Shinde,2025-04-19,18:28:33,-07:00,2025-04-19T18:28:33-07:00,1,15
style.css,102,css,e23f060c,Parth Shinde,2025-04-19,18:28:33,-07:00,2025-04-19T18:28:33-07:00,1,9
style.css,103,css,e23f060c,Parth Shinde,2025-04-19,18:28:33,-07:00,2025-04-19T18:28:33-07:00,1,17
style.css,104,css,e23f060c,Parth Shinde,2025-04-19,18:28:33,-07:00,2025-04-19T18:28:33-07:00,1,16
style.css,105,css,e23f060c,Parth Shinde,2025-04-19,18:28:33,-07:00,2025-04-19T18:28:33-07:00,1,36
style.css,106,css,e23f060c,Parth Shinde,2025-04-19,18:28:33,-07:00,2025-04-19T18:28:33-07:00,1,41
style.css,107,css,e23f060c,Parth Shinde,2025-04-19,18:28:33,-07:00,2025-04-19T18:28:33-07:00,1,11
style.css,108,css,e23f060c,Parth Shinde,2025-04-19,18:28:33,-07:00,2025-04-19T18:28:33-07:00,0,0
style.css,109,css,e23f060c,Parth Shinde,2025-04-19,18:28:33,-07:00,2025-04-19T18:28:33-07:00,0,0
style.css,110,css,e23f060c,Parth Shinde,2025-04-19,18:28:33,-07:00,2025-04-19T18:28:33-07:00,0,0
style.css,111,css,e23f060c,Parth Shinde,2025-04-19,18:28:33,-07:00,2025-04-19T18:28:33-07:00,0,22
style.css,112,css,e23f060c,Parth Shinde,2025-04-19,18:28:33,-07:00,2025-04-19T18:28:33-07:00,1,8
style.css,113,css,e23f060c,Parth Shinde,2025-04-19,18:28:33,-07:00,2025-04-19T18:28:33-07:00,0,0
style.css,114,css,e23f060c,Parth Shinde,2025-04-19,18:28:33,-07:00,2025-04-19T18:28:33-07:00,0,0
style.css,115,css,e23f060c,Parth Shinde,2025-04-19,18:28:33,-07:00,2025-04-19T18:28:33-07:00,0,0
style.css,116,css,e23f060c,Parth Shinde,2025-04-19,18:28:33,-07:00,2025-04-19T18:28:33-07:00,0,22
style.css,117,css,e23f060c,Parth Shinde,2025-04-19,18:28:33,-07:00,2025-04-19T18:28:33-07:00,1,15
style.css,118,css,e23f060c,Parth Shinde,2025-04-19,18:28:33,-07:00,2025-04-19T18:28:33-07:00,1,17
style.css,119,css,e23f060c,Parth Shinde,2025-04-19,18:28:33,-07:00,2025-04-19T18:28:33-07:00,0,0
style.css,120,css,e23f060c,Parth Shinde,2025-04-19,18:28:33,-07:00,2025-04-19T18:28:33-07:00,0,0
style.css,121,css,e23f060c,Parth Shinde,2025-04-19,18:28:33,-07:00,2025-04-19T18:28:33-07:00,0,0
style.css,122,css,e23f060c,Parth Shinde,2025-04-19,18:28:33,-07:00,2025-04-19T18:28:33-07:00,0,21
style.css,123,css,e23f060c,Parth Shinde,2025-04-19,18:28:33,-07:00,2025-04-19T18:28:33-07:00,1,14
style.css,124,css,e23f060c,Parth Shinde,2025-04-19,18:28:33,-07:00,2025-04-19T18:28:33-07:00,1,18
style.css,125,css,e23f060c,Parth Shinde,2025-04-19,18:28:33,-07:00,2025-04-19T18:28:33-07:00,0,0
style.css,126,css,e23f060c,Parth Shinde,2025-04-19,18:28:33,-07:00,2025-04-19T18:28:33-07:00,0,0
style.css,127,css,e23f060c,Parth Shinde,2025-04-19,18:28:33,-07:00,2025-04-19T18:28:33-07:00,0,0
style.css,128,css,e23f060c,Parth Shinde,2025-04-19,18:28:33,-07:00,2025-04-19T18:28:33-07:00,0,12
style.css,129,css,e23f060c,Parth Shinde,2025-04-19,18:28:33,-07:00,2025-04-19T18:28:33-07:00,1,14
style.css,130,css,e23f060c,Parth Shinde,2025-04-19,18:28:33,-07:00,2025-04-19T18:28:33-07:00,1,18
style.css,131,css,e23f060c,Parth Shinde,2025-04-19,18:28:33,-07:00,2025-04-19T18:28:33-07:00,0,0
style.css,132,css,e23f060c,Parth Shinde,2025-04-19,18:28:33,-07:00,2025-04-19T18:28:33-07:00,0,0
style.css,133,css,e23f060c,Parth Shinde,2025-04-19,18:28:33,-07:00,2025-04-19T18:28:33-07:00,0,0
style.css,134,css,e23f060c,Parth Shinde,2025-04-19,18:28:33,-07:00,2025-04-19T18:28:33-07:00,0,16
style.css,135,css,e23f060c,Parth Shinde,2025-04-19,18:28:33,-07:00,2025-04-19T18:28:33-07:00,1,17
style.css,136,css,e23f060c,Parth Shinde,2025-04-19,18:28:33,-07:00,2025-04-19T18:28:33-07:00,1,16
style.css,137,css,e23f060c,Parth Shinde,2025-04-19,18:28:33,-07:00,2025-04-19T18:28:33-07:00,0,0
style.css,138,css,e23f060c,Parth Shinde,2025-04-19,18:28:33,-07:00,2025-04-19T18:28:33-07:00,0,21
style.css,139,css,e23f060c,Parth Shinde,2025-04-19,18:28:33,-07:00,2025-04-19T18:28:33-07:00,1,14
style.css,140,css,e23f060c,Parth Shinde,2025-04-19,18:28:33,-07:00,2025-04-19T18:28:33-07:00,1,16
style.css,141,css,e23f060c,Parth Shinde,2025-04-19,18:28:33,-07:00,2025-04-19T18:28:33-07:00,1,17
style.css,142,css,e23f060c,Parth Shinde,2025-04-19,18:28:33,-07:00,2025-04-19T18:28:33-07:00,1,17
style.css,143,css,e23f060c,Parth Shinde,2025-04-19,18:28:33,-07:00,2025-04-19T18:28:33-07:00,1,16
style.css,144,css,e23f060c,Parth Shinde,2025-04-19,18:28:33,-07:00,2025-04-19T18:28:33-07:00,1,20
style.css,145,css,e23f060c,Parth Shinde,2025-04-19,18:28:33,-07:00,2025-04-19T18:28:33-07:00,1,41
style.css,146,css,e23f060c,Parth Shinde,2025-04-19,18:28:33,-07:00,2025-04-19T18:28:33-07:00,0,0
style.css,147,css,e23f060c,Parth Shinde,2025-04-19,18:28:33,-07:00,2025-04-19T18:28:33-07:00,0,19
style.css,148,css,e23f060c,Parth Shinde,2025-04-19,18:28:33,-07:00,2025-04-19T18:28:33-07:00,1,17
style.css,149,css,e23f060c,Parth Shinde,2025-04-19,18:28:33,-07:00,2025-04-19T18:28:33-07:00,1,14
style.css,150,css,e23f060c,Parth Shinde,2025-04-19,18:28:33,-07:00,2025-04-19T18:28:33-07:00,1,25
style.css,151,css,e23f060c,Parth Shinde,2025-04-19,18:28:33,-07:00,2025-04-19T18:28:33-07:00,1,18
style.css,152,css,e23f060c,Parth Shinde,2025-04-19,18:28:33,-07:00,2025-04-19T18:28:33-07:00,1,15
style.css,153,css,e23f060c,Parth Shinde,2025-04-19,18:28:33,-07:00,2025-04-19T18:28:33-07:00,0,0
style.css,154,css,e23f060c,Parth Shinde,2025-04-19,18:28:33,-07:00,2025-04-19T18:28:33-07:00,0,0
style.css,155,css,e23f060c,Parth Shinde,2025-04-19,18:28:33,-07:00,2025-04-19T18:28:33-07:00,0,0
style.css,156,css,e23f060c,Parth Shinde,2025-04-19,18:28:33,-07:00,2025-04-19T18:28:33-07:00,0,24
style.css,157,css,e23f060c,Parth Shinde,2025-04-19,18:28:33,-07:00,2025-04-19T18:28:33-07:00,1,18
style.css,158,css,e23f060c,Parth Shinde,2025-04-19,18:28:33,-07:00,2025-04-19T18:28:33-07:00,0,0
style.css,159,css,e23f060c,Parth Shinde,2025-04-19,18:28:33,-07:00,2025-04-19T18:28:33-07:00,0,36
style.css,160,css,e23f060c,Parth Shinde,2025-04-19,18:28:33,-07:00,2025-04-19T18:28:33-07:00,1,17
style.css,161,css,e23f060c,Parth Shinde,2025-04-19,18:28:33,-07:00,2025-04-19T18:28:33-07:00,1,17
style.css,162,css,e23f060c,Parth Shinde,2025-04-19,18:28:33,-07:00,2025-04-19T18:28:33-07:00,1,22
style.css,163,css,e23f060c,Parth Shinde,2025-04-19,18:28:33,-07:00,2025-04-19T18:28:33-07:00,1,43
style.css,164,css,e23f060c,Parth Shinde,2025-04-19,18:28:33,-07:00,2025-04-19T18:28:33-07:00,1,16
style.css,165,css,e23f060c,Parth Shinde,2025-04-19,18:28:33,-07:00,2025-04-19T18:28:33-07:00,0,0
style.css,166,css,e23f060c,Parth Shinde,2025-04-19,18:28:33,-07:00,2025-04-19T18:28:33-07:00,0,0
style.css,167,css,e23f060c,Parth Shinde,2025-04-19,18:28:33,-07:00,2025-04-19T18:28:33-07:00,0,0
style.css,168,css,e23f060c,Parth Shinde,2025-04-19,18:28:33,-07:00,2025-04-19T18:28:33-07:00,0,33
style.css,169,css,e23f060c,Parth Shinde,2025-04-19,18:28:33,-07:00,2025-04-19T18:28:33-07:00,1,12
style.css,170,css,e23f060c,Parth Shinde,2025-04-19,18:28:33,-07:00,2025-04-19T18:28:33-07:00,1,10
style.css,171,css,e23f060c,Parth Shinde,2025-04-19,18:28:33,-07:00,2025-04-19T18:28:33-07:00,0,0
style.css,172,css,e23f060c,Parth Shinde,2025-04-19,18:28:33,-07:00,2025-04-19T18:28:33-07:00,0,41
style.css,173,css,e23f060c,Parth Shinde,2025-04-19,18:28:33,-07:00,2025-04-19T18:28:33-07:00,1,17
style.css,174,css,e23f060c,Parth Shinde,2025-04-19,18:28:33,-07:00,2025-04-19T18:28:33-07:00,1,41
style.css,175,css,e23f060c,Parth Shinde,2025-04-19,18:28:33,-07:00,2025-04-19T18:28:33-07:00,0,0
style.css,176,css,e23f060c,Parth Shinde,2025-04-19,18:28:33,-07:00,2025-04-19T18:28:33-07:00,0,48
style.css,177,css,e23f060c,Parth Shinde,2025-04-19,18:28:33,-07:00,2025-04-19T18:28:33-07:00,1,12
style.css,178,css,e23f060c,Parth Shinde,2025-04-19,18:28:33,-07:00,2025-04-19T18:28:33-07:00,1,29
style.css,179,css,e23f060c,Parth Shinde,2025-04-19,18:28:33,-07:00,2025-04-19T18:28:33-07:00,1,20
style.css,180,css,e23f060c,Parth Shinde,2025-04-19,18:28:33,-07:00,2025-04-19T18:28:33-07:00,1,20
style.css,181,css,e23f060c,Parth Shinde,2025-04-19,18:28:33,-07:00,2025-04-19T18:28:33-07:00,0,0
style.css,182,css,e23f060c,Parth Shinde,2025-04-19,18:28:33,-07:00,2025-04-19T18:28:33-07:00,0,51
style.css,183,css,e23f060c,Parth Shinde,2025-04-19,18:28:33,-07:00,2025-04-19T18:28:33-07:00,1,8
style.css,184,css,e23f060c,Parth Shinde,2025-04-19,18:28:33,-07:00,2025-04-19T18:28:33-07:00,1,17
style.css,185,css,e23f060c,Parth Shinde,2025-04-19,18:28:33,-07:00,2025-04-19T18:28:33-07:00,0,0
style.css,186,css,e23f060c,Parth Shinde,2025-04-19,18:28:33,-07:00,2025-04-19T18:28:33-07:00,0,50
style.css,187,css,e23f060c,Parth Shinde,2025-04-19,18:28:33,-07:00,2025-04-19T18:28:33-07:00,1,8
style.css,188,css,e23f060c,Parth Shinde,2025-04-19,18:28:33,-07:00,2025-04-19T18:28:33-07:00,1,16
style.css,189,css,e23f060c,Parth Shinde,2025-04-19,18:28:33,-07:00,2025-04-19T18:28:33-07:00,1,23
style.css,190,css,e23f060c,Parth Shinde,2025-04-19,18:28:33,-07:00,2025-04-19T18:28:33-07:00,0,0
style.css,191,css,e23f060c,Parth Shinde,2025-04-19,18:28:33,-07:00,2025-04-19T18:28:33-07:00,0,44
style.css,192,css,e23f060c,Parth Shinde,2025-04-19,18:28:33,-07:00,2025-04-19T18:28:33-07:00,1,8
style.css,193,css,e23f060c,Parth Shinde,2025-04-19,18:28:33,-07:00,2025-04-19T18:28:33-07:00,1,27
style.css,194,css,e23f060c,Parth Shinde,2025-04-19,18:28:33,-07:00,2025-04-19T18:28:33-07:00,1,15
style.css,195,css,e23f060c,Parth Shinde,2025-04-19,18:28:33,-07:00,2025-04-19T18:28:33-07:00,0,0
style.css,196,css,e23f060c,Parth Shinde,2025-04-19,18:28:33,-07:00,2025-04-19T18:28:33-07:00,0,0
style.css,197,css,e23f060c,Parth Shinde,2025-04-19,18:28:33,-07:00,2025-04-19T18:28:33-07:00,0,0
style.css,198,css,e23f060c,Parth Shinde,2025-04-19,18:28:33,-07:00,2025-04-19T18:28:33-07:00,0,29
style.css,199,css,e23f060c,Parth Shinde,2025-04-19,18:28:33,-07:00,2025-04-19T18:28:33-07:00,1,12
style.css,200,css,e23f060c,Parth Shinde,2025-04-19,18:28:33,-07:00,2025-04-19T18:28:33-07:00,1,56
style.css,201,css,e23f060c,Parth Shinde,2025-04-19,18:28:33,-07:00,2025-04-19T18:28:33-07:00,1,8
style.css,202,css,e23f060c,Parth Shinde,2025-04-19,18:28:33,-07:00,2025-04-19T18:28:33-07:00,1,8
style.css,203,css,e23f060c,Parth Shinde,2025-04-19,18:28:33,-07:00,2025-04-19T18:28:33-07:00,1,9
style.css,204,css,e23f060c,Parth Shinde,2025-04-19,18:28:33,-07:00,2025-04-19T18:28:33-07:00,1,15
style.css,205,css,e23f060c,Parth Shinde,2025-04-19,18:28:33,-07:00,2025-04-19T18:28:33-07:00,0,0
style.css,206,css,e23f060c,Parth Shinde,2025-04-19,18:28:33,-07:00,2025-04-19T18:28:33-07:00,0,32
style.css,207,css,e23f060c,Parth Shinde,2025-04-19,18:28:33,-07:00,2025-04-19T18:28:33-07:00,1,17
style.css,208,css,e23f060c,Parth Shinde,2025-04-19,18:28:33,-07:00,2025-04-19T18:28:33-07:00,1,16
style.css,209,css,e23f060c,Parth Shinde,2025-04-19,18:28:33,-07:00,2025-04-19T18:28:33-07:00,1,12
style.css,210,css,e23f060c,Parth Shinde,2025-04-19,18:28:33,-07:00,2025-04-19T18:28:33-07:00,1,20
style.css,211,css,e23f060c,Parth Shinde,2025-04-19,18:28:33,-07:00,2025-04-19T18:28:33-07:00,1,43
style.css,212,css,e23f060c,Parth Shinde,2025-04-19,18:28:33,-07:00,2025-04-19T18:28:33-07:00,0,0
style.css,213,css,e23f060c,Parth Shinde,2025-04-19,18:28:33,-07:00,2025-04-19T18:28:33-07:00,0,35
style.css,214,css,e23f060c,Parth Shinde,2025-04-19,18:28:33,-07:00,2025-04-19T18:28:33-07:00,1,12
style.css,215,css,e23f060c,Parth Shinde,2025-04-19,18:28:33,-07:00,2025-04-19T18:28:33-07:00,1,16
style.css,216,css,e23f060c,Parth Shinde,2025-04-19,18:28:33,-07:00,2025-04-19T18:28:33-07:00,1,25
style.css,217,css,e23f060c,Parth Shinde,2025-04-19,18:28:33,-07:00,2025-04-19T18:28:33-07:00,0,0
style.css,218,css,e23f060c,Parth Shinde,2025-04-19,18:28:33,-07:00,2025-04-19T18:28:33-07:00,0,34
style.css,219,css,e23f060c,Parth Shinde,2025-04-19,18:28:33,-07:00,2025-04-19T18:28:33-07:00,1,15
style.css,220,css,e23f060c,Parth Shinde,2025-04-19,18:28:33,-07:00,2025-04-19T18:28:33-07:00,1,17
style.css,221,css,e23f060c,Parth Shinde,2025-04-19,18:28:33,-07:00,2025-04-19T18:28:33-07:00,0,0
style.css,222,css,e23f060c,Parth Shinde,2025-04-19,18:28:33,-07:00,2025-04-19T18:28:33-07:00,0,0
style.css,223,css,e23f060c,Parth Shinde,2025-04-19,18:28:33,-07:00,2025-04-19T18:28:33-07:00,0,0
style.css,224,css,e23f060c,Parth Shinde,2025-04-19,18:28:33,-07:00,2025-04-19T18:28:33-07:00,0,27
style.css,225,css,e23f060c,Parth Shinde,2025-04-19,18:28:33,-07:00,2025-04-19T18:28:33-07:00,1,15
style.css,226,css,e23f060c,Parth Shinde,2025-04-19,18:28:33,-07:00,2025-04-19T18:28:33-07:00,1,9
style.css,227,css,e23f060c,Parth Shinde,2025-04-19,18:28:33,-07:00,2025-04-19T18:28:33-07:00,1,9
style.css,228,css,e23f060c,Parth Shinde,2025-04-19,18:28:33,-07:00,2025-04-19T18:28:33-07:00,1,15
style.css,229,css,e23f060c,Parth Shinde,2025-04-19,18:28:33,-07:00,2025-04-19T18:28:33-07:00,0,0
style.css,230,css,e23f060c,Parth Shinde,2025-04-19,18:28:33,-07:00,2025-04-19T18:28:33-07:00,0,27
style.css,231,css,e23f060c,Parth Shinde,2025-04-19,18:28:33,-07:00,2025-04-19T18:28:33-07:00,1,20
style.css,232,css,e23f060c,Parth Shinde,2025-04-19,18:28:33,-07:00,2025-04-19T18:28:33-07:00,0,0
style.css,233,css,e23f060c,Parth Shinde,2025-04-19,18:28:33,-07:00,2025-04-19T18:28:33-07:00,0,0
style.css,234,css,e23f060c,Parth Shinde,2025-04-19,18:28:33,-07:00,2025-04-19T18:28:33-07:00,0,0
style.css,235,css,e23f060c,Parth Shinde,2025-04-19,18:28:33,-07:00,2025-04-19T18:28:33-07:00,0,33
style.css,236,css,e23f060c,Parth Shinde,2025-04-19,18:28:33,-07:00,2025-04-19T18:28:33-07:00,1,15
style.css,237,css,e23f060c,Parth Shinde,2025-04-19,18:28:33,-07:00,2025-04-19T18:28:33-07:00,1,9
style.css,238,css,e23f060c,Parth Shinde,2025-04-19,18:28:33,-07:00,2025-04-19T18:28:33-07:00,0,0
style.css,239,css,e23f060c,Parth Shinde,2025-04-19,18:28:33,-07:00,2025-04-19T18:28:33-07:00,0,33
style.css,240,css,e23f060c,Parth Shinde,2025-04-19,18:28:33,-07:00,2025-04-19T18:28:33-07:00,1,20
style.css,241,css,e23f060c,Parth Shinde,2025-04-19,18:28:33,-07:00,2025-04-19T18:28:33-07:00,1,17
style.css,242,css,e23f060c,Parth Shinde,2025-04-19,18:28:33,-07:00,2025-04-19T18:28:33-07:00,0,0
style.css,243,css,e23f060c,Parth Shinde,2025-04-19,18:28:33,-07:00,2025-04-19T18:28:33-07:00,0,32
style.css,244,css,e23f060c,Parth Shinde,2025-04-19,18:28:33,-07:00,2025-04-19T18:28:33-07:00,1,25
style.css,245,css,e23f060c,Parth Shinde,2025-04-19,18:28:33,-07:00,2025-04-19T18:28:33-07:00,1,20
style.css,246,css,e23f060c,Parth Shinde,2025-04-19,18:28:33,-07:00,2025-04-19T18:28:33-07:00,0,0
style.css,247,css,e23f060c,Parth Shinde,2025-04-19,18:28:33,-07:00,2025-04-19T18:28:33-07:00,0,38
style.css,248,css,e23f060c,Parth Shinde,2025-04-19,18:28:33,-07:00,2025-04-19T18:28:33-07:00,1,25
style.css,249,css,e23f060c,Parth Shinde,2025-04-19,18:28:33,-07:00,2025-04-19T18:28:33-07:00,0,0
style.css,250,css,e23f060c,Parth Shinde,2025-04-19,18:28:33,-07:00,2025-04-19T18:28:33-07:00,0,0
style.css,251,css,e23f060c,Parth Shinde,2025-04-19,18:28:33,-07:00,2025-04-19T18:28:33-07:00,0,0
style.css,252,css,e23f060c,Parth Shinde,2025-04-19,18:28:33,-07:00,2025-04-19T18:28:33-07:00,0,13
style.css,253,css,e23f060c,Parth Shinde,2025-04-19,18:28:33,-07:00,2025-04-19T18:28:33-07:00,1,17
style.css,254,css,e23f060c,Parth Shinde,2025-04-19,18:28:33,-07:00,2025-04-19T18:28:33-07:00,1,8
style.css,255,css,e23f060c,Parth Shinde,2025-04-19,18:28:33,-07:00,2025-04-19T18:28:33-07:00,1,10
style.css,256,css,e23f060c,Parth Shinde,2025-04-19,18:28:33,-07:00,2025-04-19T18:28:33-07:00,1,19
style.css,257,css,e23f060c,Parth Shinde,2025-04-19,18:28:33,-07:00,2025-04-19T18:28:33-07:00,1,12
style.css,258,css,e23f060c,Parth Shinde,2025-04-19,18:28:33,-07:00,2025-04-19T18:28:33-07:00,1,30
style.css,259,css,e23f060c,Parth Shinde,2025-04-19,18:28:33,-07:00,2025-04-19T18:28:33-07:00,1,12
style.css,260,css,e23f060c,Parth Shinde,2025-04-19,18:28:33,-07:00,2025-04-19T18:28:33-07:00,1,11
style.css,261,css,e23f060c,Parth Shinde,2025-04-19,18:28:33,-07:00,2025-04-19T18:28:33-07:00,1,20
style.css,262,css,e23f060c,Parth Shinde,2025-04-19,18:28:33,-07:00,2025-04-19T18:28:33-07:00,1,14
style.css,263,css,e23f060c,Parth Shinde,2025-04-19,18:28:33,-07:00,2025-04-19T18:28:33-07:00,1,26
style.css,264,css,e23f060c,Parth Shinde,2025-04-19,18:28:33,-07:00,2025-04-19T18:28:33-07:00,1,12
style.css,265,css,e23f060c,Parth Shinde,2025-04-19,18:28:33,-07:00,2025-04-19T18:28:33-07:00,0,0
style.css,266,css,e23f060c,Parth Shinde,2025-04-19,18:28:33,-07:00,2025-04-19T18:28:33-07:00,0,0
style.css,267,css,e23f060c,Parth Shinde,2025-04-19,18:28:33,-07:00,2025-04-19T18:28:33-07:00,0,19
style.css,268,css,e23f060c,Parth Shinde,2025-04-19,18:28:33,-07:00,2025-04-19T18:28:33-07:00,1,67
style.css,269,css,5c48d130,Parth Shinde,2025-05-28,13:05:44,-07:00,2025-05-28T13:05:44-07:00,0,0
style.css,270,css,5c48d130,Parth Shinde,2025-05-28,13:05:44,-07:00,2025-05-28T13:05:44-07:00,0,0
style.css,271,css,5c48d130,Parth Shinde,2025-05-28,13:05:44,-07:00,2025-05-28T13:05:44-07:00,0,13
style.css,272,css,5c48d130,Parth Shinde,2025-05-28,13:05:44,-07:00,2025-05-28T13:05:44-07:00,1,12
style.css,273,css,5c48d130,Parth Shinde,2025-05-28,13:05:44,-07:00,2025-05-28T13:05:44-07:00,1,36
style.css,274,css,5c48d130,Parth Shinde,2025-05-28,13:05:44,-07:00,2025-05-28T13:05:44-07:00,1,8
style.css,275,css,5c48d130,Parth Shinde,2025-05-28,13:05:44,-07:00,2025-05-28T13:05:44-07:00,1,17
style.css,276,css,5c48d130,Parth Shinde,2025-05-28,13:05:44,-07:00,2025-05-28T13:05:44-07:00,0,0
style.css,277,css,5c48d130,Parth Shinde,2025-05-28,13:05:44,-07:00,2025-05-28T13:05:44-07:00,0,0
style.css,278,css,5c48d130,Parth Shinde,2025-05-28,13:05:44,-07:00,2025-05-28T13:05:44-07:00,0,16
style.css,279,css,5c48d130,Parth Shinde,2025-05-28,13:05:44,-07:00,2025-05-28T13:05:44-07:00,1,10
style.css,280,css,5c48d130,Parth Shinde,2025-05-28,13:05:44,-07:00,2025-05-28T13:05:44-07:00,1,16
style.css,281,css,5c48d130,Parth Shinde,2025-05-28,13:05:44,-07:00,2025-05-28T13:05:44-07:00,0,0
style.css,282,css,5c48d130,Parth Shinde,2025-05-28,13:05:44,-07:00,2025-05-28T13:05:44-07:00,0,0
style.css,283,css,5c48d130,Parth Shinde,2025-05-28,13:05:44,-07:00,2025-05-28T13:05:44-07:00,0,16
style.css,284,css,5c48d130,Parth Shinde,2025-05-28,13:05:44,-07:00,2025-05-28T13:05:44-07:00,1,10
style.css,285,css,5c48d130,Parth Shinde,2025-05-28,13:05:44,-07:00,2025-05-28T13:05:44-07:00,1,8
style.css,286,css,8e6abb7f,Parth Shinde,2025-05-28,13:17:45,-07:00,2025-05-28T13:17:45-07:00,0,0
style.css,287,css,8e6abb7f,Parth Shinde,2025-05-28,13:17:45,-07:00,2025-05-28T13:17:45-07:00,0,0
style.css,288,css,8e6abb7f,Parth Shinde,2025-05-28,13:17:45,-07:00,2025-05-28T13:17:45-07:00,0,13
style.css,289,css,8e6abb7f,Parth Shinde,2025-05-28,13:17:45,-07:00,2025-05-28T13:17:45-07:00,1,12
style.css,290,css,8e6abb7f,Parth Shinde,2025-05-28,13:17:45,-07:00,2025-05-28T13:17:45-07:00,1,21
style.css,291,css,8e6abb7f,Parth Shinde,2025-05-28,13:17:45,-07:00,2025-05-28T13:17:45-07:00,1,9
style.css,292,css,8e6abb7f,Parth Shinde,2025-05-28,13:17:45,-07:00,2025-05-28T13:17:45-07:00,0,0
style.css,293,css,8e6abb7f,Parth Shinde,2025-05-28,13:17:45,-07:00,2025-05-28T13:17:45-07:00,0,0
style.css,294,css,8e6abb7f,Parth Shinde,2025-05-28,13:17:45,-07:00,2025-05-28T13:17:45-07:00,0,13
style.css,295,css,8e6abb7f,Parth Shinde,2025-05-28,13:17:45,-07:00,2025-05-28T13:17:45-07:00,1,10
style.css,296,css,8e6abb7f,Parth Shinde,2025-05-28,13:17:45,-07:00,2025-05-28T13:17:45-07:00,1,30
style.css,297,css,8e6abb7f,Parth Shinde,2025-05-28,13:17:45,-07:00,2025-05-28T13:17:45-07:00,1,34
style.css,298,css,8e6abb7f,Parth Shinde,2025-05-28,13:17:45,-07:00,2025-05-28T13:17:45-07:00,1,8
style.css,299,css,8e6abb7f,Parth Shinde,2025-05-28,13:17:45,-07:00,2025-05-28T13:17:45-07:00,0,0
style.css,300,css,8e6abb7f,Parth Shinde,2025-05-28,13:17:45,-07:00,2025-05-28T13:17:45-07:00,0,0
style.css,301,css,8e6abb7f,Parth Shinde,2025-05-28,13:17:45,-07:00,2025-05-28T13:17:45-07:00,0,18
style.css,302,css,8e6abb7f,Parth Shinde,2025-05-28,13:17:45,-07:00,2025-05-28T13:17:45-07:00,1,14
style.css,303,css,8e6abb7f,Parth Shinde,2025-05-28,13:17:45,-07:00,2025-05-28T13:17:45-07:00,1,16
style.css,304,css,8e6abb7f,Parth Shinde,2025-05-28,13:17:45,-07:00,2025-05-28T13:17:45-07:00,1,16
style.css,305,css,f977916a,Parth Shinde,2025-05-28,13:38:31,-07:00,2025-05-28T13:38:31-07:00,1,13
style.css,306,css,f977916a,Parth Shinde,2025-05-28,13:38:31,-07:00,2025-05-28T13:38:31-07:00,0,0
style.css,307,css,f977916a,Parth Shinde,2025-05-28,13:38:31,-07:00,2025-05-28T13:38:31-07:00,0,0
style.css,308,css,f977916a,Parth Shinde,2025-05-28,13:38:31,-07:00,2025-05-28T13:38:31-07:00,0,23
style.css,309,css,f977916a,Parth Shinde,2025-05-28,13:38:31,-07:00,2025-05-28T13:38:31-07:00,1,12
style.css,310,css,f977916a,Parth Shinde,2025-05-28,13:38:31,-07:00,2025-05-28T13:38:31-07:00,1,17
style.css,311,css,f977916a,Parth Shinde,2025-05-28,13:38:31,-07:00,2025-05-28T13:38:31-07:00,1,8
style.css,312,css,f977916a,Parth Shinde,2025-05-28,13:38:31,-07:00,2025-05-28T13:38:31-07:00,1,14
style.css,313,css,f977916a,Parth Shinde,2025-05-28,13:38:31,-07:00,2025-05-28T13:38:31-07:00,0,0
style.css,314,css,f977916a,Parth Shinde,2025-05-28,13:38:31,-07:00,2025-05-28T13:38:31-07:00,0,0
style.css,315,css,f977916a,Parth Shinde,2025-05-28,13:38:31,-07:00,2025-05-28T13:38:31-07:00,0,7
style.css,316,css,f977916a,Parth Shinde,2025-05-28,13:38:31,-07:00,2025-05-28T13:38:31-07:00,1,12
style.css,317,css,f977916a,Parth Shinde,2025-05-28,13:38:31,-07:00,2025-05-28T13:38:31-07:00,1,57
style.css,318,css,f977916a,Parth Shinde,2025-05-28,13:38:31,-07:00,2025-05-28T13:38:31-07:00,1,8
style.css,319,css,f977916a,Parth Shinde,2025-05-28,13:38:31,-07:00,2025-05-28T13:38:31-07:00,1,15
style.css,320,css,f977916a,Parth Shinde,2025-05-28,13:38:31,-07:00,2025-05-28T13:38:31-07:00,1,8
style.css,321,css,f977916a,Parth Shinde,2025-05-28,13:38:31,-07:00,2025-05-28T13:38:31-07:00,1,9
style.css,322,css,f977916a,Parth Shinde,2025-05-28,13:38:31,-07:00,2025-05-28T13:38:31-07:00,1,6
style.css,323,css,f977916a,Parth Shinde,2025-05-28,13:38:31,-07:00,2025-05-28T13:38:31-07:00,0,0
style.css,324,css,f977916a,Parth Shinde,2025-05-28,13:38:31,-07:00,2025-05-28T13:38:31-07:00,0,0
style.css,325,css,f977916a,Parth Shinde,2025-05-28,13:38:31,-07:00,2025-05-28T13:38:31-07:00,0,12
style.css,326,css,f977916a,Parth Shinde,2025-05-28,13:38:31,-07:00,2025-05-28T13:38:31-07:00,1,12
style.css,327,css,f977916a,Parth Shinde,2025-05-28,13:38:31,-07:00,2025-05-28T13:38:31-07:00,1,18
style.css,328,css,f977916a,Parth Shinde,2025-05-28,13:38:31,-07:00,2025-05-28T13:38:31-07:00,1,9
style.css,329,css,f977916a,Parth Shinde,2025-05-28,13:38:31,-07:00,2025-05-28T13:38:31-07:00,1,13
style.css,330,css,f977916a,Parth Shinde,2025-05-28,13:38:31,-07:00,2025-05-28T13:38:31-07:00,1,36
style.css,331,css,f977916a,Parth Shinde,2025-05-28,13:38:31,-07:00,2025-05-28T13:38:31-07:00,1,20
style.css,332,css,f977916a,Parth Shinde,2025-05-28,13:38:31,-07:00,2025-05-28T13:38:31-07:00,1,17
style.css,333,css,f977916a,Parth Shinde,2025-05-28,13:38:31,-07:00,2025-05-28T13:38:31-07:00,0,0
style.css,334,css,f977916a,Parth Shinde,2025-05-28,13:38:31,-07:00,2025-05-28T13:38:31-07:00,0,0
style.css,335,css,f977916a,Parth Shinde,2025-05-28,13:38:31,-07:00,2025-05-28T13:38:31-07:00,0,7
style.css,336,css,f977916a,Parth Shinde,2025-05-28,13:38:31,-07:00,2025-05-28T13:38:31-07:00,1,20
style.css,337,css,f977916a,Parth Shinde,2025-05-28,13:38:31,-07:00,2025-05-28T13:38:31-07:00,1,9
style.css,338,css,f977916a,Parth Shinde,2025-05-28,13:38:31,-07:00,2025-05-28T13:38:31-07:00,1,18
style.css,339,css,f977916a,Parth Shinde,2025-05-28,13:38:31,-07:00,2025-05-28T13:38:31-07:00,1,23
style.css,340,css,f977916a,Parth Shinde,2025-05-28,13:38:31,-07:00,2025-05-28T13:38:31-07:00,1,19
style.css,341,css,f977916a,Parth Shinde,2025-05-28,13:38:31,-07:00,2025-05-28T13:38:31-07:00,0,0
style.css,342,css,f977916a,Parth Shinde,2025-05-28,13:38:31,-07:00,2025-05-28T13:38:31-07:00,0,0
style.css,343,css,f977916a,Parth Shinde,2025-05-28,13:38:31,-07:00,2025-05-28T13:38:31-07:00,0,15
style.css,344,css,f977916a,Parth Shinde,2025-05-28,13:38:31,-07:00,2025-05-28T13:38:31-07:00,1,17
style.css,345,css,f977916a,Parth Shinde,2025-05-28,13:38:31,-07:00,2025-05-28T13:38:31-07:00,1,10
style.css,346,css,b62599fc,Parth Shinde,2025-05-28,13:41:32,-07:00,2025-05-28T13:41:32-07:00,0,0
style.css,347,css,b62599fc,Parth Shinde,2025-05-28,13:41:32,-07:00,2025-05-28T13:41:32-07:00,0,0
style.css,348,css,b62599fc,Parth Shinde,2025-05-28,13:41:32,-07:00,2025-05-28T13:41:32-07:00,0,10
style.css,349,css,b62599fc,Parth Shinde,2025-05-28,13:41:32,-07:00,2025-05-28T13:41:32-07:00,1,13
style.css,350,css,b62599fc,Parth Shinde,2025-05-28,13:41:32,-07:00,2025-05-28T13:41:32-07:00,1,10
style.css,351,css,b62599fc,Parth Shinde,2025-05-28,13:41:32,-07:00,2025-05-28T13:41:32-07:00,1,14
style.css,352,css,b62599fc,Parth Shinde,2025-05-28,13:41:32,-07:00,2025-05-28T13:41:32-07:00,1,15
style.css,353,css,b62599fc,Parth Shinde,2025-05-28,13:41:32,-07:00,2025-05-28T13:41:32-07:00,1,13
style.css,354,css,b62599fc,Parth Shinde,2025-05-28,13:41:32,-07:00,2025-05-28T13:41:32-07:00,1,12
style.css,355,css,b62599fc,Parth Shinde,2025-05-28,13:41:32,-07:00,2025-05-28T13:41:32-07:00,1,36
style.css,356,css,b62599fc,Parth Shinde,2025-05-28,13:41:32,-07:00,2025-05-28T13:41:32-07:00,1,20
style.css,357,css,00000000,Not Committed Yet,2025-05-28,13:55:05,-07:00,2025-05-28T13:55:05-07:00,0,0
style.css,358,css,00000000,Not Committed Yet,2025-05-28,13:55:05,-07:00,2025-05-28T13:55:05-07:00,0,0
style.css,359,css,00000000,Not Committed Yet,2025-05-28,13:55:05,-07:00,2025-05-28T13:55:05-07:00,0,51
style.css,360,css,00000000,Not Committed Yet,2025-05-28,13:55:05,-07:00,2025-05-28T13:55:05-07:00,1,11
style.css,361,css,00000000,Not Committed Yet,2025-05-28,13:55:05,-07:00,2025-05-28T13:55:05-07:00,0,0
style.css,362,css,00000000,Not Committed Yet,2025-05-28,13:55:05,-07:00,2025-05-28T13:55:05-07:00,0,23
style.css,363,css,00000000,Not Committed Yet,2025-05-28,13:55:05,-07:00,2025-05-28T13:55:05-07:00,1,24
style.css,364,css,00000000,Not Committed Yet,2025-05-28,13:55:05,-07:00,2025-05-28T13:55:05-07:00,1,14
style.css,365,css,00000000,Not Committed Yet,2025-05-28,13:55:05,-07:00,2025-05-28T13:55:05-07:00,0,0
style.css,366,css,00000000,Not Committed Yet,2025-05-28,13:55:05,-07:00,2025-05-28T13:55:05-07:00,0,0
style.css,367,css,00000000,Not Committed Yet,2025-05-28,13:55:05,-07:00,2025-05-28T13:55:05-07:00,0,32
style.css,368,css,00000000,Not Committed Yet,2025-05-28,13:55:05,-07:00,2025-05-28T13:55:05-07:00,1,23
style.css,369,css,00000000,Not Committed Yet,2025-05-28,13:55:05,-07:00,2025-05-28T13:55:05-07:00,1,16
style.css,370,css,00000000,Not Committed Yet,2025-05-28,13:55:05,-07:00,2025-05-28T13:55:05-07:00,0,0
style.css,371,css,00000000,Not Committed Yet,2025-05-28,13:55:05,-07:00,2025-05-28T13:55:05-07:00,0,0
style.css,372,css,00000000,Not Committed Yet,2025-05-28,13:55:05,-07:00,2025-05-28T13:55:05-07:00,0,12
style.css,373,css,00000000,Not Committed Yet,2025-05-28,13:55:05,-07:00,2025-05-28T13:55:05-07:00,1,14
style.css,374,css,00000000,Not Committed Yet,2025-05-28,13:55:05,-07:00,2025-05-28T13:55:05-07:00,0,0
style.css,375,css,00000000,Not Committed Yet,2025-05-28,13:55:05,-07:00,2025-05-28T13:55:05-07:00,0,21
style.css,376,css,00000000,Not Committed Yet,2025-05-28,13:55:05,-07:00,2025-05-28T13:55:05-07:00,1,16
style.css,377,css,00000000,Not Committed Yet,2025-05-28,13:55:05,-07:00,2025-05-28T13:55:05-07:00,1,34
style.css,378,css,e23f060c,Parth Shinde,2025-04-19,18:28:33,-07:00,2025-04-19T18:28:33-07:00,0,0
index.js,1,js,5c48d130,Parth Shinde,2025-05-28,13:05:44,-07:00,2025-05-28T13:05:44-07:00,0,71
index.js,2,js,43659b49,Parth Shinde,2025-04-23,14:48:42,-07:00,2025-04-23T14:48:42-07:00,0,0
index.js,3,js,43659b49,Parth Shinde,2025-04-23,14:48:42,-07:00,2025-04-23T14:48:42-07:00,0,12
index.js,4,js,43659b49,Parth Shinde,2025-04-23,14:48:42,-07:00,2025-04-23T14:48:42-07:00,1,57
index.js,5,js,43659b49,Parth Shinde,2025-04-23,14:48:42,-07:00,2025-04-23T14:48:42-07:00,1,47
index.js,6,js,43659b49,Parth Shinde,2025-04-23,14:48:42,-07:00,2025-04-23T14:48:42-07:00,2,23
index.js,7,js,43659b49,Parth Shinde,2025-04-23,14:48:42,-07:00,2025-04-23T14:48:42-07:00,2,3
index.js,8,js,43659b49,Parth Shinde,2025-04-23,14:48:42,-07:00,2025-04-23T14:48:42-07:00,1,60
index.js,9,js,43659b49,Parth Shinde,2025-04-23,14:48:42,-07:00,2025-04-23T14:48:42-07:00,1,22
index.js,10,js,43659b49,Parth Shinde,2025-04-23,14:48:42,-07:00,2025-04-23T14:48:42-07:00,2,54
index.js,11,js,43659b49,Parth Shinde,2025-04-23,14:48:42,-07:00,2025-04-23T14:48:42-07:00,1,6
index.js,12,js,43659b49,Parth Shinde,2025-04-23,14:48:42,-07:00,2025-04-23T14:48:42-07:00,2,56
index.js,13,js,43659b49,Parth Shinde,2025-04-23,14:48:42,-07:00,2025-04-23T14:48:42-07:00,1,0
index.js,14,js,43659b49,Parth Shinde,2025-04-23,14:48:42,-07:00,2025-04-23T14:48:42-07:00,0,0
index.js,15,js,43659b49,Parth Shinde,2025-04-23,14:48:42,-07:00,2025-04-23T14:48:42-07:00,1,55
index.js,16,js,43659b49,Parth Shinde,2025-04-23,14:48:42,-07:00,2025-04-23T14:48:42-07:00,0,0
index.js,17,js,43659b49,Parth Shinde,2025-04-23,14:48:42,-07:00,2025-04-23T14:48:42-07:00,1,60
index.js,18,js,43659b49,Parth Shinde,2025-04-23,14:48:42,-07:00,2025-04-23T14:48:42-07:00,1,31
index.js,19,js,43659b49,Parth Shinde,2025-04-23,14:48:42,-07:00,2025-04-23T14:48:42-07:00,2,24
index.js,20,js,43659b49,Parth Shinde,2025-04-23,14:48:42,-07:00,2025-04-23T14:48:42-07:00,3,21
index.js,21,js,43659b49,Parth Shinde,2025-04-23,14:48:42,-07:00,2025-04-23T14:48:42-07:00,3,23
index.js,22,js,43659b49,Parth Shinde,2025-04-23,14:48:42,-07:00,2025-04-23T14:48:42-07:00,4,62
index.js,23,js,43659b49,Parth Shinde,2025-04-23,14:48:42,-07:00,2025-04-23T14:48:42-07:00,4,62
index.js,24,js,43659b49,Parth Shinde,2025-04-23,14:48:42,-07:00,2025-04-23T14:48:42-07:00,4,56
index.js,25,js,43659b49,Parth Shinde,2025-04-23,14:48:42,-07:00,2025-04-23T14:48:42-07:00,4,56
index.js,26,js,43659b49,Parth Shinde,2025-04-23,14:48:42,-07:00,2025-04-23T14:48:42-07:00,3,3
index.js,27,js,43659b49,Parth Shinde,2025-04-23,14:48:42,-07:00,2025-04-23T14:48:42-07:00,2,0
index.js,28,js,43659b49,Parth Shinde,2025-04-23,14:48:42,-07:00,2025-04-23T14:48:42-07:00,1,0
index.js,29,js,43659b49,Parth Shinde,2025-04-23,14:48:42,-07:00,2025-04-23T14:48:42-07:00,0,3
index.html,1,html,e23f060c,Parth Shinde,2025-04-19,18:28:33,-07:00,2025-04-19T18:28:33-07:00,0,13
index.html,2,html,e23f060c,Parth Shinde,2025-04-19,18:28:33,-07:00,2025-04-19T18:28:33-07:00,0,14
index.html,3,html,e23f060c,Parth Shinde,2025-04-19,18:28:33,-07:00,2025-04-19T18:28:33-07:00,0,4
index.html,4,html,e23f060c,Parth Shinde,2025-04-19,18:28:33,-07:00,2025-04-19T18:28:33-07:00,2,20
index.html,5,html,e23f060c,Parth Shinde,2025-04-19,18:28:33,-07:00,2025-04-19T18:28:33-07:00,2,68
index.html,6,html,e23f060c,Parth Shinde,2025-04-19,18:28:33,-07:00,2025-04-19T18:28:33-07:00,2,54
index.html,7,html,e23f060c,Parth Shinde,2025-04-19,18:28:33,-07:00,2025-04-19T18:28:33-07:00,2,38
index.html,8,html,e23f060c,Parth Shinde,2025-04-19,18:28:33,-07:00,2025-04-19T18:28:33-07:00,2,19
index.html,9,html,e23f060c,Parth Shinde,2025-04-19,18:28:33,-07:00,2025-04-19T18:28:33-07:00,2,1
index.html,10,html,e23f060c,Parth Shinde,2025-04-19,18:28:33,-07:00,2025-04-19T18:28:33-07:00,4,63
index.html,11,html,e23f060c,Parth Shinde,2025-04-19,18:28:33,-07:00,2025-04-19T18:28:33-07:00,4,64
index.html,12,html,e23f060c,Parth Shinde,2025-04-19,18:28:33,-07:00,2025-04-19T18:28:33-07:00,2,2
index.html,13,html,e23f060c,Parth Shinde,2025-04-19,18:28:33,-07:00,2025-04-19T18:28:33-07:00,2,80
index.html,14,html,e23f060c,Parth Shinde,2025-04-19,18:28:33,-07:00,2025-04-19T18:28:33-07:00,0,5
index.html,15,html,e23f060c,Parth Shinde,2025-04-19,18:28:33,-07:00,2025-04-19T18:28:33-07:00,0,4
index.html,16,html,43659b49,Parth Shinde,2025-04-23,14:48:42,-07:00,2025-04-23T14:48:42-07:00,2,22
index.html,17,html,43659b49,Parth Shinde,2025-04-23,14:48:42,-07:00,2025-04-23T14:48:42-07:00,2,26
index.html,18,html,43659b49,Parth Shinde,2025-04-23,14:48:42,-07:00,2025-04-23T14:48:42-07:00,0,0
index.html,19,html,5c48d130,Parth Shinde,2025-05-28,13:05:44,-07:00,2025-05-28T13:05:44-07:00,2,22
index.html,20,html,5c48d130,Parth Shinde,2025-05-28,13:05:44,-07:00,2025-05-28T13:05:44-07:00,4,21
index.html,21,html,5c48d130,Parth Shinde,2025-05-28,13:05:44,-07:00,2025-05-28T13:05:44-07:00,2,4
index.html,22,html,43659b49,Parth Shinde,2025-04-23,14:48:42,-07:00,2025-04-23T14:48:42-07:00,0,0
index.html,23,html,43659b49,Parth Shinde,2025-04-23,14:48:42,-07:00,2025-04-23T14:48:42-07:00,2,51
index.html,24,html,43659b49,Parth Shinde,2025-04-23,14:48:42,-07:00,2025-04-23T14:48:42-07:00,2,50
index.html,25,html,e23f060c,Parth Shinde,2025-04-19,18:28:33,-07:00,2025-04-19T18:28:33-07:00,0,5
index.html,26,html,e23f060c,Parth Shinde,2025-04-19,18:28:33,-07:00,2025-04-19T18:28:33-07:00,0,5
global.js,1,js,e23f060c,Parth Shinde,2025-04-19,18:28:33,-07:00,2025-04-19T18:28:33-07:00,0,25
global.js,2,js,e23f060c,Parth Shinde,2025-04-19,18:28:33,-07:00,2025-04-19T18:28:33-07:00,0,0
global.js,3,js,e23f060c,Parth Shinde,2025-04-19,18:28:33,-07:00,2025-04-19T18:28:33-07:00,0,37
global.js,4,js,e23f060c,Parth Shinde,2025-04-19,18:28:33,-07:00,2025-04-19T18:28:33-07:00,1,48
global.js,5,js,e23f060c,Parth Shinde,2025-04-19,18:28:33,-07:00,2025-04-19T18:28:33-07:00,0,0
global.js,6,js,e23f060c,Parth Shinde,2025-04-19,18:28:33,-07:00,2025-04-19T18:28:33-07:00,0,0
global.js,7,js,e23f060c,Parth Shinde,2025-04-19,18:28:33,-07:00,2025-04-19T18:28:33-07:00,0,36
global.js,8,js,e23f060c,Parth Shinde,2025-04-19,18:28:33,-07:00,2025-04-19T18:28:33-07:00,0,8
global.js,9,js,e23f060c,Parth Shinde,2025-04-19,18:28:33,-07:00,2025-04-19T18:28:33-07:00,0,36
global.js,10,js,e23f060c,Parth Shinde,2025-04-19,18:28:33,-07:00,2025-04-19T18:28:33-07:00,0,0
global.js,11,js,e23f060c,Parth Shinde,2025-04-19,18:28:33,-07:00,2025-04-19T18:28:33-07:00,0,13
global.js,12,js,e23f060c,Parth Shinde,2025-04-19,18:28:33,-07:00,2025-04-19T18:28:33-07:00,1,40
global.js,13,js,e23f060c,Parth Shinde,2025-04-19,18:28:33,-07:00,2025-04-19T18:28:33-07:00,1,40
global.js,14,js,e23f060c,Parth Shinde,2025-04-19,18:28:33,-07:00,2025-04-19T18:28:33-07:00,1,40
global.js,15,js,e23f060c,Parth Shinde,2025-04-19,18:28:33,-07:00,2025-04-19T18:28:33-07:00,1,40
global.js,16,js,e23f060c,Parth Shinde,2025-04-19,18:28:33,-07:00,2025-04-19T18:28:33-07:00,1,57
global.js,17,js,e23f060c,Parth Shinde,2025-04-19,18:28:33,-07:00,2025-04-19T18:28:33-07:00,0,0
global.js,18,js,e23f060c,Parth Shinde,2025-04-19,18:28:33,-07:00,2025-04-19T18:28:33-07:00,0,0
global.js,19,js,e23f060c,Parth Shinde,2025-04-19,18:28:33,-07:00,2025-04-19T18:28:33-07:00,0,15
global.js,20,js,e23f060c,Parth Shinde,2025-04-19,18:28:33,-07:00,2025-04-19T18:28:33-07:00,1,70
global.js,21,js,e23f060c,Parth Shinde,2025-04-19,18:28:33,-07:00,2025-04-19T18:28:33-07:00,2,3
global.js,22,js,14d8ea5e,Parth Shinde,2025-04-23,14:51:59,-07:00,2025-04-23T14:51:59-07:00,2,9
global.js,23,js,e23f060c,Parth Shinde,2025-04-19,18:28:33,-07:00,2025-04-19T18:28:33-07:00,0,0
global.js,24,js,e23f060c,Parth Shinde,2025-04-19,18:28:33,-07:00,2025-04-19T18:28:33-07:00,0,40
global.js,25,js,e23f060c,Parth Shinde,2025-04-19,18:28:33,-07:00,2025-04-19T18:28:33-07:00,0,0
global.js,26,js,e23f060c,Parth Shinde,2025-04-19,18:28:33,-07:00,2025-04-19T18:28:33-07:00,0,31
global.js,27,js,e23f060c,Parth Shinde,2025-04-19,18:28:33,-07:00,2025-04-19T18:28:33-07:00,1,33
global.js,28,js,e23f060c,Parth Shinde,2025-04-19,18:28:33,-07:00,2025-04-19T18:28:33-07:00,2,3
global.js,29,js,e23f060c,Parth Shinde,2025-04-19,18:28:33,-07:00,2025-04-19T18:28:33-07:00,2,16
global.js,30,js,e23f060c,Parth Shinde,2025-04-19,18:28:33,-07:00,2025-04-19T18:28:33-07:00,0,0
global.js,31,js,e23f060c,Parth Shinde,2025-04-19,18:28:33,-07:00,2025-04-19T18:28:33-07:00,1,36
global.js,32,js,e23f060c,Parth Shinde,2025-04-19,18:28:33,-07:00,2025-04-19T18:28:33-07:00,1,12
global.js,33,js,e23f060c,Parth Shinde,2025-04-19,18:28:33,-07:00,2025-04-19T18:28:33-07:00,1,20
global.js,34,js,e23f060c,Parth Shinde,2025-04-19,18:28:33,-07:00,2025-04-19T18:28:33-07:00,0,0
global.js,35,js,e23f060c,Parth Shinde,2025-04-19,18:28:33,-07:00,2025-04-19T18:28:33-07:00,1,65
global.js,36,js,e23f060c,Parth Shinde,2025-04-19,18:28:33,-07:00,2025-04-19T18:28:33-07:00,2,25
global.js,37,js,e23f060c,Parth Shinde,2025-04-19,18:28:33,-07:00,2025-04-19T18:28:33-07:00,1,0
global.js,38,js,e23f060c,Parth Shinde,2025-04-19,18:28:33,-07:00,2025-04-19T18:28:33-07:00,0,0
global.js,39,js,e23f060c,Parth Shinde,2025-04-19,18:28:33,-07:00,2025-04-19T18:28:33-07:00,1,29
global.js,40,js,e23f060c,Parth Shinde,2025-04-19,18:28:33,-07:00,2025-04-19T18:28:33-07:00,2,18
global.js,41,js,e23f060c,Parth Shinde,2025-04-19,18:28:33,-07:00,2025-04-19T18:28:33-07:00,2,28
global.js,42,js,e23f060c,Parth Shinde,2025-04-19,18:28:33,-07:00,2025-04-19T18:28:33-07:00,1,0
global.js,43,js,e23f060c,Parth Shinde,2025-04-19,18:28:33,-07:00,2025-04-19T18:28:33-07:00,0,0
global.js,44,js,e23f060c,Parth Shinde,2025-04-19,18:28:33,-07:00,2025-04-19T18:28:33-07:00,1,12
global.js,45,js,e23f060c,Parth Shinde,2025-04-19,18:28:33,-07:00,2025-04-19T18:28:33-07:00,0,0
global.js,46,js,e23f060c,Parth Shinde,2025-04-19,18:28:33,-07:00,2025-04-19T18:28:33-07:00,0,0
global.js,47,js,cf2ba62d,Parth Shinde,2025-05-28,13:00:32,-07:00,2025-05-28T13:00:32-07:00,0,25
global.js,48,js,e23f060c,Parth Shinde,2025-04-19,18:28:33,-07:00,2025-04-19T18:28:33-07:00,0,0
global.js,49,js,e23f060c,Parth Shinde,2025-04-19,18:28:33,-07:00,2025-04-19T18:28:33-07:00,0,36
global.js,50,js,e23f060c,Parth Shinde,2025-04-19,18:28:33,-07:00,2025-04-19T18:28:33-07:00,0,24
global.js,51,js,e23f060c,Parth Shinde,2025-04-19,18:28:33,-07:00,2025-04-19T18:28:33-07:00,0,36
global.js,52,js,e23f060c,Parth Shinde,2025-04-19,18:28:33,-07:00,2025-04-19T18:28:33-07:00,0,0
global.js,53,js,e23f060c,Parth Shinde,2025-04-19,18:28:33,-07:00,2025-04-19T18:28:33-07:00,0,43
global.js,54,js,e23f060c,Parth Shinde,2025-04-19,18:28:33,-07:00,2025-04-19T18:28:33-07:00,0,29
global.js,55,js,e23f060c,Parth Shinde,2025-04-19,18:28:33,-07:00,2025-04-19T18:28:33-07:00,0,18
global.js,56,js,e23f060c,Parth Shinde,2025-04-19,18:28:33,-07:00,2025-04-19T18:28:33-07:00,0,35
global.js,57,js,e23f060c,Parth Shinde,2025-04-19,18:28:33,-07:00,2025-04-19T18:28:33-07:00,0,25
global.js,58,js,e23f060c,Parth Shinde,2025-04-19,18:28:33,-07:00,2025-04-19T18:28:33-07:00,0,0
global.js,59,js,e23f060c,Parth Shinde,2025-04-19,18:28:33,-07:00,2025-04-19T18:28:33-07:00,0,28
global.js,60,js,e23f060c,Parth Shinde,2025-04-19,18:28:33,-07:00,2025-04-19T18:28:33-07:00,1,65
global.js,61,js,e23f060c,Parth Shinde,2025-04-19,18:28:33,-07:00,2025-04-19T18:28:33-07:00,1,44
global.js,62,js,e23f060c,Parth Shinde,2025-04-19,18:28:33,-07:00,2025-04-19T18:28:33-07:00,0,0
global.js,63,js,f95dd6cd,Parth Shinde,2025-04-23,14:25:41,-07:00,2025-04-23T14:25:41-07:00,0,0
global.js,64,js,e23f060c,Parth Shinde,2025-04-19,18:28:33,-07:00,2025-04-19T18:28:33-07:00,0,24
global.js,65,js,e23f060c,Parth Shinde,2025-04-19,18:28:33,-07:00,2025-04-19T18:28:33-07:00,1,60
global.js,66,js,e23f060c,Parth Shinde,2025-04-19,18:28:33,-07:00,2025-04-19T18:28:33-07:00,1,39
global.js,67,js,e23f060c,Parth Shinde,2025-04-19,18:28:33,-07:00,2025-04-19T18:28:33-07:00,0,0
global.js,68,js,e23f060c,Parth Shinde,2025-04-19,18:28:33,-07:00,2025-04-19T18:28:33-07:00,0,0
global.js,69,js,e23f060c,Parth Shinde,2025-04-19,18:28:33,-07:00,2025-04-19T18:28:33-07:00,0,50
global.js,70,js,f95dd6cd,Parth Shinde,2025-04-23,14:25:41,-07:00,2025-04-23T14:25:41-07:00,0,0
global.js,71,js,e23f060c,Parth Shinde,2025-04-19,18:28:33,-07:00,2025-04-19T18:28:33-07:00,0,42
global.js,72,js,e23f060c,Parth Shinde,2025-04-19,18:28:33,-07:00,2025-04-19T18:28:33-07:00,1,17
global.js,73,js,e23f060c,Parth Shinde,2025-04-19,18:28:33,-07:00,2025-04-19T18:28:33-07:00,0,0
global.js,74,js,e23f060c,Parth Shinde,2025-04-19,18:28:33,-07:00,2025-04-19T18:28:33-07:00,0,0
global.js,75,js,e23f060c,Parth Shinde,2025-04-19,18:28:33,-07:00,2025-04-19T18:28:33-07:00,0,0
global.js,76,js,e23f060c,Parth Shinde,2025-04-19,18:28:33,-07:00,2025-04-19T18:28:33-07:00,0,35
global.js,77,js,e23f060c,Parth Shinde,2025-04-19,18:28:33,-07:00,2025-04-19T18:28:33-07:00,1,79
global.js,78,js,e23f060c,Parth Shinde,2025-04-19,18:28:33,-07:00,2025-04-19T18:28:33-07:00,1,13
global.js,79,js,e23f060c,Parth Shinde,2025-04-19,18:28:33,-07:00,2025-04-19T18:28:33-07:00,2,14
global.js,80,js,e23f060c,Parth Shinde,2025-04-19,18:28:33,-07:00,2025-04-19T18:28:33-07:00,1,6
global.js,81,js,e23f060c,Parth Shinde,2025-04-19,18:28:33,-07:00,2025-04-19T18:28:33-07:00,2,76
global.js,82,js,e23f060c,Parth Shinde,2025-04-19,18:28:33,-07:00,2025-04-19T18:28:33-07:00,2,42
global.js,83,js,e23f060c,Parth Shinde,2025-04-19,18:28:33,-07:00,2025-04-19T18:28:33-07:00,1,0
global.js,84,js,f95dd6cd,Parth Shinde,2025-04-23,14:25:41,-07:00,2025-04-23T14:25:41-07:00,0,1
global.js,85,js,f95dd6cd,Parth Shinde,2025-04-23,14:25:41,-07:00,2025-04-23T14:25:41-07:00,0,0
global.js,86,js,f95dd6cd,Parth Shinde,2025-04-23,14:25:41,-07:00,2025-04-23T14:25:41-07:00,0,36
global.js,87,js,9ff5c293,Parth Shinde,2025-04-23,15:13:43,-07:00,2025-04-23T15:13:43-07:00,0,19
global.js,88,js,f95dd6cd,Parth Shinde,2025-04-23,14:25:41,-07:00,2025-04-23T14:25:41-07:00,0,36
global.js,89,js,f95dd6cd,Parth Shinde,2025-04-23,14:25:41,-07:00,2025-04-23T14:25:41-07:00,0,0
global.js,90,js,f95dd6cd,Parth Shinde,2025-04-23,14:25:41,-07:00,2025-04-23T14:25:41-07:00,0,36
global.js,91,js,f95dd6cd,Parth Shinde,2025-04-23,14:25:41,-07:00,2025-04-23T14:25:41-07:00,1,3
global.js,92,js,f95dd6cd,Parth Shinde,2025-04-23,14:25:41,-07:00,2025-04-23T14:25:41-07:00,2,32
global.js,93,js,9ff5c293,Parth Shinde,2025-04-23,15:13:43,-07:00,2025-04-23T15:13:43-07:00,2,39
global.js,94,js,f95dd6cd,Parth Shinde,2025-04-23,14:25:41,-07:00,2025-04-23T14:25:41-07:00,2,17
global.js,95,js,9ff5c293,Parth Shinde,2025-04-23,15:13:43,-07:00,2025-04-23T15:13:43-07:00,3,57
global.js,96,js,f95dd6cd,Parth Shinde,2025-04-23,14:25:41,-07:00,2025-04-23T14:25:41-07:00,2,0
global.js,97,js,9ff5c293,Parth Shinde,2025-04-23,15:13:43,-07:00,2025-04-23T15:13:43-07:00,2,27
global.js,98,js,9ff5c293,Parth Shinde,2025-04-23,15:13:43,-07:00,2025-04-23T15:13:43-07:00,1,13
global.js,99,js,9ff5c293,Parth Shinde,2025-04-23,15:13:43,-07:00,2025-04-23T15:13:43-07:00,2,49
global.js,100,js,f95dd6cd,Parth Shinde,2025-04-23,14:25:41,-07:00,2025-04-23T14:25:41-07:00,2,8
global.js,101,js,f95dd6cd,Parth Shinde,2025-04-23,14:25:41,-07:00,2025-04-23T14:25:41-07:00,1,0
global.js,102,js,f95dd6cd,Parth Shinde,2025-04-23,14:25:41,-07:00,2025-04-23T14:25:41-07:00,0,0
global.js,103,js,f95dd6cd,Parth Shinde,2025-04-23,14:25:41,-07:00,2025-04-23T14:25:41-07:00,0,0
global.js,104,js,9ff5c293,Parth Shinde,2025-04-23,15:13:43,-07:00,2025-04-23T15:13:43-07:00,0,72
global.js,105,js,9ff5c293,Parth Shinde,2025-04-23,15:13:43,-07:00,2025-04-23T15:13:43-07:00,1,40
global.js,106,js,9ff5c293,Parth Shinde,2025-04-23,15:13:43,-07:00,2025-04-23T15:13:43-07:00,2,60
global.js,107,js,f95dd6cd,Parth Shinde,2025-04-23,14:25:41,-07:00,2025-04-23T14:25:41-07:00,2,5
global.js,108,js,f95dd6cd,Parth Shinde,2025-04-23,14:25:41,-07:00,2025-04-23T14:25:41-07:00,1,0
global.js,109,js,9ff5c293,Parth Shinde,2025-04-23,15:13:43,-07:00,2025-04-23T15:13:43-07:00,1,23
global.js,110,js,f95dd6cd,Parth Shinde,2025-04-23,14:25:41,-07:00,2025-04-23T14:25:41-07:00,1,54
global.js,111,js,9ff5c293,Parth Shinde,2025-04-23,15:13:43,-07:00,2025-04-23T15:13:43-07:00,2,53
global.js,112,js,f95dd6cd,Parth Shinde,2025-04-23,14:25:41,-07:00,2025-04-23T14:25:41-07:00,2,5
global.js,113,js,f95dd6cd,Parth Shinde,2025-04-23,14:25:41,-07:00,2025-04-23T14:25:41-07:00,1,0
global.js,114,js,9ff5c293,Parth Shinde,2025-04-23,15:13:43,-07:00,2025-04-23T15:13:43-07:00,1,26
global.js,115,js,9ff5c293,Parth Shinde,2025-04-23,15:13:43,-07:00,2025-04-23T15:13:43-07:00,2,48
global.js,116,js,9ff5c293,Parth Shinde,2025-04-23,15:13:43,-07:00,2025-04-23T15:13:43-07:00,2,4
global.js,117,js,f95dd6cd,Parth Shinde,2025-04-23,14:25:41,-07:00,2025-04-23T14:25:41-07:00,2,3
global.js,118,js,9ff5c293,Parth Shinde,2025-04-23,15:13:43,-07:00,2025-04-23T15:13:43-07:00,3,39
global.js,119,js,f95dd6cd,Parth Shinde,2025-04-23,14:25:41,-07:00,2025-04-23T14:25:41-07:00,2,7
global.js,120,js,9ff5c293,Parth Shinde,2025-04-23,15:13:43,-07:00,2025-04-23T15:13:43-07:00,3,31
global.js,121,js,f95dd6cd,Parth Shinde,2025-04-23,14:25:41,-07:00,2025-04-23T14:25:41-07:00,2,0
global.js,122,js,9ff5c293,Parth Shinde,2025-04-23,15:13:43,-07:00,2025-04-23T15:13:43-07:00,2,39
global.js,123,js,9ff5c293,Parth Shinde,2025-04-23,15:13:43,-07:00,2025-04-23T15:13:43-07:00,2,21
global.js,124,js,f95dd6cd,Parth Shinde,2025-04-23,14:25:41,-07:00,2025-04-23T14:25:41-07:00,0,0
global.js,125,js,9ff5c293,Parth Shinde,2025-04-23,15:13:43,-07:00,2025-04-23T15:13:43-07:00,2,15
global.js,126,js,9ff5c293,Parth Shinde,2025-04-23,15:13:43,-07:00,2025-04-23T15:13:43-07:00,3,40
global.js,127,js,9ff5c293,Parth Shinde,2025-04-23,15:13:43,-07:00,2025-04-23T15:13:43-07:00,3,19
global.js,128,js,9ff5c293,Parth Shinde,2025-04-23,15:13:43,-07:00,2025-04-23T15:13:43-07:00,3,25
global.js,129,js,f95dd6cd,Parth Shinde,2025-04-23,14:25:41,-07:00,2025-04-23T14:25:41-07:00,3,23
global.js,130,js,f95dd6cd,Parth Shinde,2025-04-23,14:25:41,-07:00,2025-04-23T14:25:41-07:00,2,0
global.js,131,js,f95dd6cd,Parth Shinde,2025-04-23,14:25:41,-07:00,2025-04-23T14:25:41-07:00,0,0
global.js,132,js,9ff5c293,Parth Shinde,2025-04-23,15:13:43,-07:00,2025-04-23T15:13:43-07:00,2,36
global.js,133,js,9ff5c293,Parth Shinde,2025-04-23,15:13:43,-07:00,2025-04-23T15:13:43-07:00,2,37
global.js,134,js,9ff5c293,Parth Shinde,2025-04-23,15:13:43,-07:00,2025-04-23T15:13:43-07:00,2,21
global.js,135,js,f95dd6cd,Parth Shinde,2025-04-23,14:25:41,-07:00,2025-04-23T14:25:41-07:00,0,0
global.js,136,js,9ff5c293,Parth Shinde,2025-04-23,15:13:43,-07:00,2025-04-23T15:13:43-07:00,2,29
global.js,137,js,43659b49,Parth Shinde,2025-04-23,14:48:42,-07:00,2025-04-23T14:48:42-07:00,1,0
global.js,138,js,43659b49,Parth Shinde,2025-04-23,14:48:42,-07:00,2025-04-23T14:48:42-07:00,0,0
global.js,139,js,43659b49,Parth Shinde,2025-04-23,14:48:42,-07:00,2025-04-23T14:48:42-07:00,0,0
global.js,140,js,9ff5c293,Parth Shinde,2025-04-23,15:13:43,-07:00,2025-04-23T15:13:43-07:00,0,36
global.js,141,js,9ff5c293,Parth Shinde,2025-04-23,15:13:43,-07:00,2025-04-23T15:13:43-07:00,0,16
global.js,142,js,9ff5c293,Parth Shinde,2025-04-23,15:13:43,-07:00,2025-04-23T15:13:43-07:00,0,36
global.js,143,js,9ff5c293,Parth Shinde,2025-04-23,15:13:43,-07:00,2025-04-23T15:13:43-07:00,0,0
global.js,144,js,43659b49,Parth Shinde,2025-04-23,14:48:42,-07:00,2025-04-23T14:48:42-07:00,0,47
global.js,145,js,43659b49,Parth Shinde,2025-04-23,14:48:42,-07:00,2025-04-23T14:48:42-07:00,1,65
global.js,146,js,f95dd6cd,Parth Shinde,2025-04-23,14:25:41,-07:00,2025-04-23T14:25:41-07:00,0,0
resume/index.html,1,html,e23f060c,Parth Shinde,2025-04-19,18:28:33,-07:00,2025-04-19T18:28:33-07:00,0,13
resume/index.html,2,html,e23f060c,Parth Shinde,2025-04-19,18:28:33,-07:00,2025-04-19T18:28:33-07:00,0,14
resume/index.html,3,html,e23f060c,Parth Shinde,2025-04-19,18:28:33,-07:00,2025-04-19T18:28:33-07:00,0,4
resume/index.html,4,html,e23f060c,Parth Shinde,2025-04-19,18:28:33,-07:00,2025-04-19T18:28:33-07:00,1,20
resume/index.html,5,html,e23f060c,Parth Shinde,2025-04-19,18:28:33,-07:00,2025-04-19T18:28:33-07:00,1,34
resume/index.html,6,html,e23f060c,Parth Shinde,2025-04-19,18:28:33,-07:00,2025-04-19T18:28:33-07:00,1,41
resume/index.html,7,html,e23f060c,Parth Shinde,2025-04-19,18:28:33,-07:00,2025-04-19T18:28:33-07:00,0,5
resume/index.html,8,html,e23f060c,Parth Shinde,2025-04-19,18:28:33,-07:00,2025-04-19T18:28:33-07:00,0,24
resume/index.html,9,html,e23f060c,Parth Shinde,2025-04-19,18:28:33,-07:00,2025-04-19T18:28:33-07:00,1,4
resume/index.html,10,html,e23f060c,Parth Shinde,2025-04-19,18:28:33,-07:00,2025-04-19T18:28:33-07:00,2,28
resume/index.html,11,html,e23f060c,Parth Shinde,2025-04-19,18:28:33,-07:00,2025-04-19T18:28:33-07:00,0,0
resume/index.html,12,html,e23f060c,Parth Shinde,2025-04-19,18:28:33,-07:00,2025-04-19T18:28:33-07:00,2,22
resume/index.html,13,html,e23f060c,Parth Shinde,2025-04-19,18:28:33,-07:00,2025-04-19T18:28:33-07:00,3,33
resume/index.html,14,html,e23f060c,Parth Shinde,2025-04-19,18:28:33,-07:00,2025-04-19T18:28:33-07:00,3,7
resume/index.html,15,html,e23f060c,Parth Shinde,2025-04-19,18:28:33,-07:00,2025-04-19T18:28:33-07:00,4,42
resume/index.html,16,html,e23f060c,Parth Shinde,2025-04-19,18:28:33,-07:00,2025-04-19T18:28:33-07:00,4,1
resume/index.html,17,html,e23f060c,Parth Shinde,2025-04-19,18:28:33,-07:00,2025-04-19T18:28:33-07:00,5,38
resume/index.html,18,html,e23f060c,Parth Shinde,2025-04-19,18:28:33,-07:00,2025-04-19T18:28:33-07:00,5,47
resume/index.html,19,html,e23f060c,Parth Shinde,2025-04-19,18:28:33,-07:00,2025-04-19T18:28:33-07:00,4,2
resume/index.html,20,html,e23f060c,Parth Shinde,2025-04-19,18:28:33,-07:00,2025-04-19T18:28:33-07:00,4,138
resume/index.html,21,html,e23f060c,Parth Shinde,2025-04-19,18:28:33,-07:00,2025-04-19T18:28:33-07:00,3,8
resume/index.html,22,html,e23f060c,Parth Shinde,2025-04-19,18:28:33,-07:00,2025-04-19T18:28:33-07:00,2,8
resume/index.html,23,html,e23f060c,Parth Shinde,2025-04-19,18:28:33,-07:00,2025-04-19T18:28:33-07:00,0,0
resume/index.html,24,html,e23f060c,Parth Shinde,2025-04-19,18:28:33,-07:00,2025-04-19T18:28:33-07:00,2,28
resume/index.html,25,html,e23f060c,Parth Shinde,2025-04-19,18:28:33,-07:00,2025-04-19T18:28:33-07:00,3,39
resume/index.html,26,html,e23f060c,Parth Shinde,2025-04-19,18:28:33,-07:00,2025-04-19T18:28:33-07:00,0,0
resume/index.html,27,html,e23f060c,Parth Shinde,2025-04-19,18:28:33,-07:00,2025-04-19T18:28:33-07:00,3,7
resume/index.html,28,html,e23f060c,Parth Shinde,2025-04-19,18:28:33,-07:00,2025-04-19T18:28:33-07:00,4,6
resume/index.html,29,html,e23f060c,Parth Shinde,2025-04-19,18:28:33,-07:00,2025-04-19T18:28:33-07:00,5,55
resume/index.html,30,html,e23f060c,Parth Shinde,2025-04-19,18:28:33,-07:00,2025-04-19T18:28:33-07:00,5,1
resume/index.html,31,html,e23f060c,Parth Shinde,2025-04-19,18:28:33,-07:00,2025-04-19T18:28:33-07:00,6,40
resume/index.html,32,html,e23f060c,Parth Shinde,2025-04-19,18:28:33,-07:00,2025-04-19T18:28:33-07:00,6,40
resume/index.html,33,html,e23f060c,Parth Shinde,2025-04-19,18:28:33,-07:00,2025-04-19T18:28:33-07:00,6,9
resume/index.html,34,html,e23f060c,Parth Shinde,2025-04-19,18:28:33,-07:00,2025-04-19T18:28:33-07:00,5,2
resume/index.html,35,html,e23f060c,Parth Shinde,2025-04-19,18:28:33,-07:00,2025-04-19T18:28:33-07:00,4,7
resume/index.html,36,html,e23f060c,Parth Shinde,2025-04-19,18:28:33,-07:00,2025-04-19T18:28:33-07:00,3,8
resume/index.html,37,html,e23f060c,Parth Shinde,2025-04-19,18:28:33,-07:00,2025-04-19T18:28:33-07:00,0,0
resume/index.html,38,html,e23f060c,Parth Shinde,2025-04-19,18:28:33,-07:00,2025-04-19T18:28:33-07:00,3,7
resume/index.html,39,html,e23f060c,Parth Shinde,2025-04-19,18:28:33,-07:00,2025-04-19T18:28:33-07:00,4,6
resume/index.html,40,html,e23f060c,Parth Shinde,2025-04-19,18:28:33,-07:00,2025-04-19T18:28:33-07:00,5,53
resume/index.html,41,html,e23f060c,Parth Shinde,2025-04-19,18:28:33,-07:00,2025-04-19T18:28:33-07:00,5,1
resume/index.html,42,html,e23f060c,Parth Shinde,2025-04-19,18:28:33,-07:00,2025-04-19T18:28:33-07:00,6,40
resume/index.html,43,html,e23f060c,Parth Shinde,2025-04-19,18:28:33,-07:00,2025-04-19T18:28:33-07:00,6,40
resume/index.html,44,html,e23f060c,Parth Shinde,2025-04-19,18:28:33,-07:00,2025-04-19T18:28:33-07:00,6,12
resume/index.html,45,html,e23f060c,Parth Shinde,2025-04-19,18:28:33,-07:00,2025-04-19T18:28:33-07:00,5,2
resume/index.html,46,html,e23f060c,Parth Shinde,2025-04-19,18:28:33,-07:00,2025-04-19T18:28:33-07:00,4,7
resume/index.html,47,html,e23f060c,Parth Shinde,2025-04-19,18:28:33,-07:00,2025-04-19T18:28:33-07:00,3,8
resume/index.html,48,html,e23f060c,Parth Shinde,2025-04-19,18:28:33,-07:00,2025-04-19T18:28:33-07:00,0,0
resume/index.html,49,html,e23f060c,Parth Shinde,2025-04-19,18:28:33,-07:00,2025-04-19T18:28:33-07:00,3,7
resume/index.html,50,html,e23f060c,Parth Shinde,2025-04-19,18:28:33,-07:00,2025-04-19T18:28:33-07:00,4,6
resume/index.html,51,html,e23f060c,Parth Shinde,2025-04-19,18:28:33,-07:00,2025-04-19T18:28:33-07:00,5,61
resume/index.html,52,html,e23f060c,Parth Shinde,2025-04-19,18:28:33,-07:00,2025-04-19T18:28:33-07:00,5,1
resume/index.html,53,html,e23f060c,Parth Shinde,2025-04-19,18:28:33,-07:00,2025-04-19T18:28:33-07:00,6,40
resume/index.html,54,html,e23f060c,Parth Shinde,2025-04-19,18:28:33,-07:00,2025-04-19T18:28:33-07:00,6,40
resume/index.html,55,html,e23f060c,Parth Shinde,2025-04-19,18:28:33,-07:00,2025-04-19T18:28:33-07:00,6,11
resume/index.html,56,html,e23f060c,Parth Shinde,2025-04-19,18:28:33,-07:00,2025-04-19T18:28:33-07:00,5,2
resume/index.html,57,html,e23f060c,Parth Shinde,2025-04-19,18:28:33,-07:00,2025-04-19T18:28:33-07:00,4,7
resume/index.html,58,html,e23f060c,Parth Shinde,2025-04-19,18:28:33,-07:00,2025-04-19T18:28:33-07:00,4,2
resume/index.html,59,html,e23f060c,Parth Shinde,2025-04-19,18:28:33,-07:00,2025-04-19T18:28:33-07:00,5,107
resume/index.html,60,html,e23f060c,Parth Shinde,2025-04-19,18:28:33,-07:00,2025-04-19T18:28:33-07:00,5,98
resume/index.html,61,html,e23f060c,Parth Shinde,2025-04-19,18:28:33,-07:00,2025-04-19T18:28:33-07:00,5,70
resume/index.html,62,html,e23f060c,Parth Shinde,2025-04-19,18:28:33,-07:00,2025-04-19T18:28:33-07:00,5,86
resume/index.html,63,html,e23f060c,Parth Shinde,2025-04-19,18:28:33,-07:00,2025-04-19T18:28:33-07:00,4,3
resume/index.html,64,html,e23f060c,Parth Shinde,2025-04-19,18:28:33,-07:00,2025-04-19T18:28:33-07:00,3,8
resume/index.html,65,html,e23f060c,Parth Shinde,2025-04-19,18:28:33,-07:00,2025-04-19T18:28:33-07:00,0,0
resume/index.html,66,html,e23f060c,Parth Shinde,2025-04-19,18:28:33,-07:00,2025-04-19T18:28:33-07:00,3,7
resume/index.html,67,html,e23f060c,Parth Shinde,2025-04-19,18:28:33,-07:00,2025-04-19T18:28:33-07:00,4,6
resume/index.html,68,html,e23f060c,Parth Shinde,2025-04-19,18:28:33,-07:00,2025-04-19T18:28:33-07:00,5,67
resume/index.html,69,html,e23f060c,Parth Shinde,2025-04-19,18:28:33,-07:00,2025-04-19T18:28:33-07:00,5,1
resume/index.html,70,html,e23f060c,Parth Shinde,2025-04-19,18:28:33,-07:00,2025-04-19T18:28:33-07:00,6,40
resume/index.html,71,html,e23f060c,Parth Shinde,2025-04-19,18:28:33,-07:00,2025-04-19T18:28:33-07:00,6,40
resume/index.html,72,html,e23f060c,Parth Shinde,2025-04-19,18:28:33,-07:00,2025-04-19T18:28:33-07:00,6,20
resume/index.html,73,html,e23f060c,Parth Shinde,2025-04-19,18:28:33,-07:00,2025-04-19T18:28:33-07:00,5,2
resume/index.html,74,html,e23f060c,Parth Shinde,2025-04-19,18:28:33,-07:00,2025-04-19T18:28:33-07:00,4,7
resume/index.html,75,html,e23f060c,Parth Shinde,2025-04-19,18:28:33,-07:00,2025-04-19T18:28:33-07:00,4,2
resume/index.html,76,html,e23f060c,Parth Shinde,2025-04-19,18:28:33,-07:00,2025-04-19T18:28:33-07:00,5,96
resume/index.html,77,html,e23f060c,Parth Shinde,2025-04-19,18:28:33,-07:00,2025-04-19T18:28:33-07:00,5,95
resume/index.html,78,html,e23f060c,Parth Shinde,2025-04-19,18:28:33,-07:00,2025-04-19T18:28:33-07:00,5,71
resume/index.html,79,html,e23f060c,Parth Shinde,2025-04-19,18:28:33,-07:00,2025-04-19T18:28:33-07:00,4,3
resume/index.html,80,html,e23f060c,Parth Shinde,2025-04-19,18:28:33,-07:00,2025-04-19T18:28:33-07:00,3,8
resume/index.html,81,html,e23f060c,Parth Shinde,2025-04-19,18:28:33,-07:00,2025-04-19T18:28:33-07:00,0,0
resume/index.html,82,html,e23f060c,Parth Shinde,2025-04-19,18:28:33,-07:00,2025-04-19T18:28:33-07:00,3,7
resume/index.html,83,html,e23f060c,Parth Shinde,2025-04-19,18:28:33,-07:00,2025-04-19T18:28:33-07:00,4,6
resume/index.html,84,html,e23f060c,Parth Shinde,2025-04-19,18:28:33,-07:00,2025-04-19T18:28:33-07:00,5,61
resume/index.html,85,html,e23f060c,Parth Shinde,2025-04-19,18:28:33,-07:00,2025-04-19T18:28:33-07:00,5,1
resume/index.html,86,html,e23f060c,Parth Shinde,2025-04-19,18:28:33,-07:00,2025-04-19T18:28:33-07:00,6,40
resume/index.html,87,html,e23f060c,Parth Shinde,2025-04-19,18:28:33,-07:00,2025-04-19T18:28:33-07:00,6,40
resume/index.html,88,html,e23f060c,Parth Shinde,2025-04-19,18:28:33,-07:00,2025-04-19T18:28:33-07:00,6,11
resume/index.html,89,html,e23f060c,Parth Shinde,2025-04-19,18:28:33,-07:00,2025-04-19T18:28:33-07:00,5,2
resume/index.html,90,html,e23f060c,Parth Shinde,2025-04-19,18:28:33,-07:00,2025-04-19T18:28:33-07:00,4,7
resume/index.html,91,html,e23f060c,Parth Shinde,2025-04-19,18:28:33,-07:00,2025-04-19T18:28:33-07:00,4,2
resume/index.html,92,html,e23f060c,Parth Shinde,2025-04-19,18:28:33,-07:00,2025-04-19T18:28:33-07:00,5,79
resume/index.html,93,html,e23f060c,Parth Shinde,2025-04-19,18:28:33,-07:00,2025-04-19T18:28:33-07:00,5,64
resume/index.html,94,html,e23f060c,Parth Shinde,2025-04-19,18:28:33,-07:00,2025-04-19T18:28:33-07:00,5,80
resume/index.html,95,html,e23f060c,Parth Shinde,2025-04-19,18:28:33,-07:00,2025-04-19T18:28:33-07:00,4,3
resume/index.html,96,html,e23f060c,Parth Shinde,2025-04-19,18:28:33,-07:00,2025-04-19T18:28:33-07:00,3,8
resume/index.html,97,html,e23f060c,Parth Shinde,2025-04-19,18:28:33,-07:00,2025-04-19T18:28:33-07:00,2,8
resume/index.html,98,html,e23f060c,Parth Shinde,2025-04-19,18:28:33,-07:00,2025-04-19T18:28:33-07:00,0,0
resume/index.html,99,html,e23f060c,Parth Shinde,2025-04-19,18:28:33,-07:00,2025-04-19T18:28:33-07:00,2,21
resume/index.html,100,html,e23f060c,Parth Shinde,2025-04-19,18:28:33,-07:00,2025-04-19T18:28:33-07:00,3,32
resume/index.html,101,html,e23f060c,Parth Shinde,2025-04-19,18:28:33,-07:00,2025-04-19T18:28:33-07:00,3,2
resume/index.html,102,html,e23f060c,Parth Shinde,2025-04-19,18:28:33,-07:00,2025-04-19T18:28:33-07:00,4,2
resume/index.html,103,html,e23f060c,Parth Shinde,2025-04-19,18:28:33,-07:00,2025-04-19T18:28:33-07:00,5,43
resume/index.html,104,html,e23f060c,Parth Shinde,2025-04-19,18:28:33,-07:00,2025-04-19T18:28:33-07:00,5,77
resume/index.html,105,html,e23f060c,Parth Shinde,2025-04-19,18:28:33,-07:00,2025-04-19T18:28:33-07:00,5,2
resume/index.html,106,html,e23f060c,Parth Shinde,2025-04-19,18:28:33,-07:00,2025-04-19T18:28:33-07:00,6,62
resume/index.html,107,html,e23f060c,Parth Shinde,2025-04-19,18:28:33,-07:00,2025-04-19T18:28:33-07:00,6,61
resume/index.html,108,html,e23f060c,Parth Shinde,2025-04-19,18:28:33,-07:00,2025-04-19T18:28:33-07:00,5,3
resume/index.html,109,html,e23f060c,Parth Shinde,2025-04-19,18:28:33,-07:00,2025-04-19T18:28:33-07:00,4,3
resume/index.html,110,html,e23f060c,Parth Shinde,2025-04-19,18:28:33,-07:00,2025-04-19T18:28:33-07:00,4,2
resume/index.html,111,html,e23f060c,Parth Shinde,2025-04-19,18:28:33,-07:00,2025-04-19T18:28:33-07:00,5,35
resume/index.html,112,html,e23f060c,Parth Shinde,2025-04-19,18:28:33,-07:00,2025-04-19T18:28:33-07:00,5,78
resume/index.html,113,html,e23f060c,Parth Shinde,2025-04-19,18:28:33,-07:00,2025-04-19T18:28:33-07:00,5,2
resume/index.html,114,html,e23f060c,Parth Shinde,2025-04-19,18:28:33,-07:00,2025-04-19T18:28:33-07:00,6,62
resume/index.html,115,html,e23f060c,Parth Shinde,2025-04-19,18:28:33,-07:00,2025-04-19T18:28:33-07:00,6,55
resume/index.html,116,html,e23f060c,Parth Shinde,2025-04-19,18:28:33,-07:00,2025-04-19T18:28:33-07:00,5,3
resume/index.html,117,html,e23f060c,Parth Shinde,2025-04-19,18:28:33,-07:00,2025-04-19T18:28:33-07:00,4,3
resume/index.html,118,html,e23f060c,Parth Shinde,2025-04-19,18:28:33,-07:00,2025-04-19T18:28:33-07:00,3,3
resume/index.html,119,html,e23f060c,Parth Shinde,2025-04-19,18:28:33,-07:00,2025-04-19T18:28:33-07:00,2,8
resume/index.html,120,html,e23f060c,Parth Shinde,2025-04-19,18:28:33,-07:00,2025-04-19T18:28:33-07:00,0,0
resume/index.html,121,html,e23f060c,Parth Shinde,2025-04-19,18:28:33,-07:00,2025-04-19T18:28:33-07:00,2,19
resume/index.html,122,html,e23f060c,Parth Shinde,2025-04-19,18:28:33,-07:00,2025-04-19T18:28:33-07:00,3,40
resume/index.html,123,html,e23f060c,Parth Shinde,2025-04-19,18:28:33,-07:00,2025-04-19T18:28:33-07:00,3,2
resume/index.html,124,html,e23f060c,Parth Shinde,2025-04-19,18:28:33,-07:00,2025-04-19T18:28:33-07:00,4,80
resume/index.html,125,html,e23f060c,Parth Shinde,2025-04-19,18:28:33,-07:00,2025-04-19T18:28:33-07:00,4,124
resume/index.html,126,html,e23f060c,Parth Shinde,2025-04-19,18:28:33,-07:00,2025-04-19T18:28:33-07:00,4,103
resume/index.html,127,html,e23f060c,Parth Shinde,2025-04-19,18:28:33,-07:00,2025-04-19T18:28:33-07:00,4,75
resume/index.html,128,html,e23f060c,Parth Shinde,2025-04-19,18:28:33,-07:00,2025-04-19T18:28:33-07:00,3,3
resume/index.html,129,html,e23f060c,Parth Shinde,2025-04-19,18:28:33,-07:00,2025-04-19T18:28:33-07:00,2,8
resume/index.html,130,html,e23f060c,Parth Shinde,2025-04-19,18:28:33,-07:00,2025-04-19T18:28:33-07:00,0,0
resume/index.html,131,html,e23f060c,Parth Shinde,2025-04-19,18:28:33,-07:00,2025-04-19T18:28:33-07:00,2,25
resume/index.html,132,html,e23f060c,Parth Shinde,2025-04-19,18:28:33,-07:00,2025-04-19T18:28:33-07:00,3,43
resume/index.html,133,html,e23f060c,Parth Shinde,2025-04-19,18:28:33,-07:00,2025-04-19T18:28:33-07:00,3,2
resume/index.html,134,html,e23f060c,Parth Shinde,2025-04-19,18:28:33,-07:00,2025-04-19T18:28:33-07:00,4,82
resume/index.html,135,html,e23f060c,Parth Shinde,2025-04-19,18:28:33,-07:00,2025-04-19T18:28:33-07:00,4,11
resume/index.html,136,html,e23f060c,Parth Shinde,2025-04-19,18:28:33,-07:00,2025-04-19T18:28:33-07:00,5,49
resume/index.html,137,html,e23f060c,Parth Shinde,2025-04-19,18:28:33,-07:00,2025-04-19T18:28:33-07:00,6,13
resume/index.html,138,html,e23f060c,Parth Shinde,2025-04-19,18:28:33,-07:00,2025-04-19T18:28:33-07:00,6,24
resume/index.html,139,html,e23f060c,Parth Shinde,2025-04-19,18:28:33,-07:00,2025-04-19T18:28:33-07:00,6,26
resume/index.html,140,html,e23f060c,Parth Shinde,2025-04-19,18:28:33,-07:00,2025-04-19T18:28:33-07:00,5,2
resume/index.html,141,html,e23f060c,Parth Shinde,2025-04-19,18:28:33,-07:00,2025-04-19T18:28:33-07:00,4,3
resume/index.html,142,html,e23f060c,Parth Shinde,2025-04-19,18:28:33,-07:00,2025-04-19T18:28:33-07:00,4,9
resume/index.html,143,html,e23f060c,Parth Shinde,2025-04-19,18:28:33,-07:00,2025-04-19T18:28:33-07:00,5,39
resume/index.html,144,html,e23f060c,Parth Shinde,2025-04-19,18:28:33,-07:00,2025-04-19T18:28:33-07:00,6,13
resume/index.html,145,html,e23f060c,Parth Shinde,2025-04-19,18:28:33,-07:00,2025-04-19T18:28:33-07:00,6,24
resume/index.html,146,html,e23f060c,Parth Shinde,2025-04-19,18:28:33,-07:00,2025-04-19T18:28:33-07:00,6,21
resume/index.html,147,html,e23f060c,Parth Shinde,2025-04-19,18:28:33,-07:00,2025-04-19T18:28:33-07:00,5,2
resume/index.html,148,html,e23f060c,Parth Shinde,2025-04-19,18:28:33,-07:00,2025-04-19T18:28:33-07:00,4,3
resume/index.html,149,html,e23f060c,Parth Shinde,2025-04-19,18:28:33,-07:00,2025-04-19T18:28:33-07:00,3,3
resume/index.html,150,html,e23f060c,Parth Shinde,2025-04-19,18:28:33,-07:00,2025-04-19T18:28:33-07:00,2,8
resume/index.html,151,html,e23f060c,Parth Shinde,2025-04-19,18:28:33,-07:00,2025-04-19T18:28:33-07:00,0,0
resume/index.html,152,html,e23f060c,Parth Shinde,2025-04-19,18:28:33,-07:00,2025-04-19T18:28:33-07:00,1,5
resume/index.html,153,html,e23f060c,Parth Shinde,2025-04-19,18:28:33,-07:00,2025-04-19T18:28:33-07:00,1,48
resume/index.html,154,html,e23f060c,Parth Shinde,2025-04-19,18:28:33,-07:00,2025-04-19T18:28:33-07:00,0,5
resume/index.html,155,html,e23f060c,Parth Shinde,2025-04-19,18:28:33,-07:00,2025-04-19T18:28:33-07:00,0,5
projects/projects.js,1,js,8e6abb7f,Parth Shinde,2025-05-28,13:17:45,-07:00,2025-05-28T13:17:45-07:00,0,63
projects/projects.js,2,js,00000000,Not Committed Yet,2025-05-28,13:55:05,-07:00,2025-05-28T13:55:05-07:00,0,69
projects/projects.js,3,js,8e6abb7f,Parth Shinde,2025-05-28,13:17:45,-07:00,2025-05-28T13:17:45-07:00,0,0
projects/projects.js,4,js,00000000,Not Committed Yet,2025-05-28,13:55:05,-07:00,2025-05-28T13:55:05-07:00,0,12
projects/projects.js,5,js,b62599fc,Parth Shinde,2025-05-28,13:41:32,-07:00,2025-05-28T13:41:32-07:00,1,58
projects/projects.js,6,js,b62599fc,Parth Shinde,2025-05-28,13:41:32,-07:00,2025-05-28T13:41:32-07:00,1,60
projects/projects.js,7,js,8e6abb7f,Parth Shinde,2025-05-28,13:17:45,-07:00,2025-05-28T13:17:45-07:00,1,56
projects/projects.js,8,js,00000000,Not Committed Yet,2025-05-28,13:55:05,-07:00,2025-05-28T13:55:05-07:00,1,55
projects/projects.js,9,js,8e6abb7f,Parth Shinde,2025-05-28,13:17:45,-07:00,2025-05-28T13:17:45-07:00,0,0
projects/projects.js,10,js,00000000,Not Committed Yet,2025-05-28,13:55:05,-07:00,2025-05-28T13:55:05-07:00,1,19
projects/projects.js,11,js,00000000,Not Committed Yet,2025-05-28,13:55:05,-07:00,2025-05-28T13:55:05-07:00,1,22
projects/projects.js,12,js,00000000,Not Committed Yet,2025-05-28,13:55:05,-07:00,2025-05-28T13:55:05-07:00,0,0
projects/projects.js,13,js,00000000,Not Committed Yet,2025-05-28,13:55:05,-07:00,2025-05-28T13:55:05-07:00,1,24
projects/projects.js,14,js,00000000,Not Committed Yet,2025-05-28,13:55:05,-07:00,2025-05-28T13:55:05-07:00,2,49
projects/projects.js,15,js,00000000,Not Committed Yet,2025-05-28,13:55:05,-07:00,2025-05-28T13:55:05-07:00,3,55
projects/projects.js,16,js,00000000,Not Committed Yet,2025-05-28,13:55:05,-07:00,2025-05-28T13:55:05-07:00,3,46
projects/projects.js,17,js,00000000,Not Committed Yet,2025-05-28,13:55:05,-07:00,2025-05-28T13:55:05-07:00,2,1
projects/projects.js,18,js,b62599fc,Parth Shinde,2025-05-28,13:41:32,-07:00,2025-05-28T13:41:32-07:00,0,0
projects/projects.js,19,js,b62599fc,Parth Shinde,2025-05-28,13:41:32,-07:00,2025-05-28T13:41:32-07:00,2,24
projects/projects.js,20,js,00000000,Not Committed Yet,2025-05-28,13:55:05,-07:00,2025-05-28T13:55:05-07:00,3,13
projects/projects.js,21,js,f977916a,Parth Shinde,2025-05-28,13:38:31,-07:00,2025-05-28T13:38:31-07:00,3,12
projects/projects.js,22,js,f977916a,Parth Shinde,2025-05-28,13:38:31,-07:00,2025-05-28T13:38:31-07:00,3,9
projects/projects.js,23,js,b62599fc,Parth Shinde,2025-05-28,13:41:32,-07:00,2025-05-28T13:41:32-07:00,2,0
projects/projects.js,24,js,b62599fc,Parth Shinde,2025-05-28,13:41:32,-07:00,2025-05-28T13:41:32-07:00,2,44
projects/projects.js,25,js,b62599fc,Parth Shinde,2025-05-28,13:41:32,-07:00,2025-05-28T13:41:32-07:00,2,43
projects/projects.js,26,js,b62599fc,Parth Shinde,2025-05-28,13:41:32,-07:00,2025-05-28T13:41:32-07:00,3,18
projects/projects.js,27,js,b62599fc,Parth Shinde,2025-05-28,13:41:32,-07:00,2025-05-28T13:41:32-07:00,3,10
projects/projects.js,28,js,b62599fc,Parth Shinde,2025-05-28,13:41:32,-07:00,2025-05-28T13:41:32-07:00,2,2
projects/projects.js,29,js,8e6abb7f,Parth Shinde,2025-05-28,13:17:45,-07:00,2025-05-28T13:17:45-07:00,0,0
projects/projects.js,30,js,b62599fc,Parth Shinde,2025-05-28,13:41:32,-07:00,2025-05-28T13:41:32-07:00,2,42
projects/projects.js,31,js,b62599fc,Parth Shinde,2025-05-28,13:41:32,-07:00,2025-05-28T13:41:32-07:00,2,53
projects/projects.js,32,js,b62599fc,Parth Shinde,2025-05-28,13:41:32,-07:00,2025-05-28T13:41:32-07:00,2,53
projects/projects.js,33,js,8e6abb7f,Parth Shinde,2025-05-28,13:17:45,-07:00,2025-05-28T13:17:45-07:00,0,0
projects/projects.js,34,js,b62599fc,Parth Shinde,2025-05-28,13:41:32,-07:00,2025-05-28T13:41:32-07:00,2,42
projects/projects.js,35,js,b62599fc,Parth Shinde,2025-05-28,13:41:32,-07:00,2025-05-28T13:41:32-07:00,2,36
projects/projects.js,36,js,b62599fc,Parth Shinde,2025-05-28,13:41:32,-07:00,2025-05-28T13:41:32-07:00,2,29
projects/projects.js,37,js,b62599fc,Parth Shinde,2025-05-28,13:41:32,-07:00,2025-05-28T13:41:32-07:00,2,30
projects/projects.js,38,js,f977916a,Parth Shinde,2025-05-28,13:38:31,-07:00,2025-05-28T13:38:31-07:00,0,0
projects/projects.js,39,js,00000000,Not Committed Yet,2025-05-28,13:55:05,-07:00,2025-05-28T13:55:05-07:00,2,24
projects/projects.js,40,js,b62599fc,Parth Shinde,2025-05-28,13:41:32,-07:00,2025-05-28T13:41:32-07:00,2,19
projects/projects.js,41,js,00000000,Not Committed Yet,2025-05-28,13:55:05,-07:00,2025-05-28T13:55:05-07:00,3,9
projects/projects.js,42,js,b62599fc,Parth Shinde,2025-05-28,13:41:32,-07:00,2025-05-28T13:41:32-07:00,3,11
projects/projects.js,43,js,b62599fc,Parth Shinde,2025-05-28,13:41:32,-07:00,2025-05-28T13:41:32-07:00,4,16
projects/projects.js,44,js,00000000,Not Committed Yet,2025-05-28,13:55:05,-07:00,2025-05-28T13:55:05-07:00,4,36
projects/projects.js,45,js,00000000,Not Committed Yet,2025-05-28,13:55:05,-07:00,2025-05-28T13:55:05-07:00,4,60
projects/projects.js,46,js,00000000,Not Committed Yet,2025-05-28,13:55:05,-07:00,2025-05-28T13:55:05-07:00,4,26
projects/projects.js,47,js,00000000,Not Committed Yet,2025-05-28,13:55:05,-07:00,2025-05-28T13:55:05-07:00,5,24
projects/projects.js,48,js,00000000,Not Committed Yet,2025-05-28,13:55:05,-07:00,2025-05-28T13:55:05-07:00,5,69
projects/projects.js,49,js,00000000,Not Committed Yet,2025-05-28,13:55:05,-07:00,2025-05-28T13:55:05-07:00,5,14
projects/projects.js,50,js,00000000,Not Committed Yet,2025-05-28,13:55:05,-07:00,2025-05-28T13:55:05-07:00,4,1
projects/projects.js,51,js,f977916a,Parth Shinde,2025-05-28,13:38:31,-07:00,2025-05-28T13:38:31-07:00,0,0
projects/projects.js,52,js,b62599fc,Parth Shinde,2025-05-28,13:41:32,-07:00,2025-05-28T13:41:32-07:00,2,20
projects/projects.js,53,js,b62599fc,Parth Shinde,2025-05-28,13:41:32,-07:00,2025-05-28T13:41:32-07:00,3,9
projects/projects.js,54,js,b62599fc,Parth Shinde,2025-05-28,13:41:32,-07:00,2025-05-28T13:41:32-07:00,3,9
projects/projects.js,55,js,00000000,Not Committed Yet,2025-05-28,13:55:05,-07:00,2025-05-28T13:55:05-07:00,4,84
projects/projects.js,56,js,b62599fc,Parth Shinde,2025-05-28,13:41:32,-07:00,2025-05-28T13:41:32-07:00,4,40
projects/projects.js,57,js,b62599fc,Parth Shinde,2025-05-28,13:41:32,-07:00,2025-05-28T13:41:32-07:00,4,10
projects/projects.js,58,js,b62599fc,Parth Shinde,2025-05-28,13:41:32,-07:00,2025-05-28T13:41:32-07:00,5,26
projects/projects.js,59,js,b62599fc,Parth Shinde,2025-05-28,13:41:32,-07:00,2025-05-28T13:41:32-07:00,5,30
projects/projects.js,60,js,00000000,Not Committed Yet,2025-05-28,13:55:05,-07:00,2025-05-28T13:55:05-07:00,4,0
projects/projects.js,61,js,00000000,Not Committed Yet,2025-05-28,13:55:05,-07:00,2025-05-28T13:55:05-07:00,4,26
projects/projects.js,62,js,00000000,Not Committed Yet,2025-05-28,13:55:05,-07:00,2025-05-28T13:55:05-07:00,5,57
projects/projects.js,63,js,00000000,Not Committed Yet,2025-05-28,13:55:05,-07:00,2025-05-28T13:55:05-07:00,5,14
projects/projects.js,64,js,00000000,Not Committed Yet,2025-05-28,13:55:05,-07:00,2025-05-28T13:55:05-07:00,4,1
projects/projects.js,65,js,b62599fc,Parth Shinde,2025-05-28,13:41:32,-07:00,2025-05-28T13:41:32-07:00,0,0
projects/projects.js,66,js,00000000,Not Committed Yet,2025-05-28,13:55:05,-07:00,2025-05-28T13:55:05-07:00,2,26
projects/projects.js,67,js,00000000,Not Committed Yet,2025-05-28,13:55:05,-07:00,2025-05-28T13:55:05-07:00,3,59
projects/projects.js,68,js,00000000,Not Committed Yet,2025-05-28,13:55:05,-07:00,2025-05-28T13:55:05-07:00,3,15
projects/projects.js,69,js,00000000,Not Committed Yet,2025-05-28,13:55:05,-07:00,2025-05-28T13:55:05-07:00,0,0
projects/projects.js,70,js,00000000,Not Committed Yet,2025-05-28,13:55:05,-07:00,2025-05-28T13:55:05-07:00,2,43
projects/projects.js,71,js,00000000,Not Committed Yet,2025-05-28,13:55:05,-07:00,2025-05-28T13:55:05-07:00,2,12
projects/projects.js,72,js,00000000,Not Committed Yet,2025-05-28,13:55:05,-07:00,2025-05-28T13:55:05-07:00,3,51
projects/projects.js,73,js,00000000,Not Committed Yet,2025-05-28,13:55:05,-07:00,2025-05-28T13:55:05-07:00,2,0
projects/projects.js,74,js,00000000,Not Committed Yet,2025-05-28,13:55:05,-07:00,2025-05-28T13:55:05-07:00,1,0
projects/projects.js,75,js,b62599fc,Parth Shinde,2025-05-28,13:41:32,-07:00,2025-05-28T13:41:32-07:00,0,0
projects/projects.js,76,js,b62599fc,Parth Shinde,2025-05-28,13:41:32,-07:00,2025-05-28T13:41:32-07:00,1,16
projects/projects.js,77,js,00000000,Not Committed Yet,2025-05-28,13:55:05,-07:00,2025-05-28T13:55:05-07:00,2,42
projects/projects.js,78,js,00000000,Not Committed Yet,2025-05-28,13:55:05,-07:00,2025-05-28T13:55:05-07:00,3,34
projects/projects.js,79,js,00000000,Not Committed Yet,2025-05-28,13:55:05,-07:00,2025-05-28T13:55:05-07:00,3,14
projects/projects.js,80,js,b62599fc,Parth Shinde,2025-05-28,13:41:32,-07:00,2025-05-28T13:41:32-07:00,2,1
projects/projects.js,81,js,b62599fc,Parth Shinde,2025-05-28,13:41:32,-07:00,2025-05-28T13:41:32-07:00,1,0
projects/projects.js,82,js,00000000,Not Committed Yet,2025-05-28,13:55:05,-07:00,2025-05-28T13:55:05-07:00,0,0
projects/projects.js,83,js,00000000,Not Committed Yet,2025-05-28,13:55:05,-07:00,2025-05-28T13:55:05-07:00,1,14
projects/projects.js,84,js,8e6abb7f,Parth Shinde,2025-05-28,13:17:45,-07:00,2025-05-28T13:17:45-07:00,0,3
projects/index.html,1,html,e23f060c,Parth Shinde,2025-04-19,18:28:33,-07:00,2025-04-19T18:28:33-07:00,0,13
projects/index.html,2,html,e23f060c,Parth Shinde,2025-04-19,18:28:33,-07:00,2025-04-19T18:28:33-07:00,0,14
projects/index.html,3,html,e23f060c,Parth Shinde,2025-04-19,18:28:33,-07:00,2025-04-19T18:28:33-07:00,0,4
projects/index.html,4,html,e23f060c,Parth Shinde,2025-04-19,18:28:33,-07:00,2025-04-19T18:28:33-07:00,2,20
projects/index.html,5,html,e23f060c,Parth Shinde,2025-04-19,18:28:33,-07:00,2025-04-19T18:28:33-07:00,2,68
projects/index.html,6,html,e23f060c,Parth Shinde,2025-04-19,18:28:33,-07:00,2025-04-19T18:28:33-07:00,2,35
projects/index.html,7,html,e23f060c,Parth Shinde,2025-04-19,18:28:33,-07:00,2025-04-19T18:28:33-07:00,2,41
projects/index.html,8,html,e23f060c,Parth Shinde,2025-04-19,18:28:33,-07:00,2025-04-19T18:28:33-07:00,0,5
projects/index.html,9,html,e23f060c,Parth Shinde,2025-04-19,18:28:33,-07:00,2025-04-19T18:28:33-07:00,0,4
projects/index.html,10,html,f95dd6cd,Parth Shinde,2025-04-23,14:25:41,-07:00,2025-04-23T14:25:41-07:00,1,38
projects/index.html,11,html,f977916a,Parth Shinde,2025-05-28,13:38:31,-07:00,2025-05-28T13:38:31-07:00,1,34
projects/index.html,12,html,f977916a,Parth Shinde,2025-05-28,13:38:31,-07:00,2025-05-28T13:38:31-07:00,2,2
projects/index.html,13,html,f977916a,Parth Shinde,2025-05-28,13:38:31,-07:00,2025-05-28T13:38:31-07:00,2,20
projects/index.html,14,html,f977916a,Parth Shinde,2025-05-28,13:38:31,-07:00,2025-05-28T13:38:31-07:00,2,23
projects/index.html,15,html,f977916a,Parth Shinde,2025-05-28,13:38:31,-07:00,2025-05-28T13:38:31-07:00,2,32
projects/index.html,16,html,f977916a,Parth Shinde,2025-05-28,13:38:31,-07:00,2025-05-28T13:38:31-07:00,2,5
projects/index.html,17,html,f977916a,Parth Shinde,2025-05-28,13:38:31,-07:00,2025-05-28T13:38:31-07:00,2,22
projects/index.html,18,html,f977916a,Parth Shinde,2025-05-28,13:38:31,-07:00,2025-05-28T13:38:31-07:00,1,4
projects/index.html,19,html,b62599fc,Parth Shinde,2025-05-28,13:41:32,-07:00,2025-05-28T13:41:32-07:00,1,4
projects/index.html,20,html,b62599fc,Parth Shinde,2025-05-28,13:41:32,-07:00,2025-05-28T13:41:32-07:00,2,15
projects/index.html,21,html,b62599fc,Parth Shinde,2025-05-28,13:41:32,-07:00,2025-05-28T13:41:32-07:00,2,11
projects/index.html,22,html,b62599fc,Parth Shinde,2025-05-28,13:41:32,-07:00,2025-05-28T13:41:32-07:00,2,26
projects/index.html,23,html,b62599fc,Parth Shinde,2025-05-28,13:41:32,-07:00,2025-05-28T13:41:32-07:00,2,31
projects/index.html,24,html,b62599fc,Parth Shinde,2025-05-28,13:41:32,-07:00,2025-05-28T13:41:32-07:00,1,0
projects/index.html,25,html,f95dd6cd,Parth Shinde,2025-04-23,14:25:41,-07:00,2025-04-23T14:25:41-07:00,1,26
projects/index.html,26,html,e23f060c,Parth Shinde,2025-04-19,18:28:33,-07:00,2025-04-19T18:28:33-07:00,1,48
projects/index.html,27,html,f95dd6cd,Parth Shinde,2025-04-23,14:25:41,-07:00,2025-04-23T14:25:41-07:00,1,47
projects/index.html,28,html,e23f060c,Parth Shinde,2025-04-19,18:28:33,-07:00,2025-04-19T18:28:33-07:00,0,5
projects/index.html,29,html,e23f060c,Parth Shinde,2025-04-19,18:28:33,-07:00,2025-04-19T18:28:33-07:00,0,5
contact/index.html,1,html,e23f060c,Parth Shinde,2025-04-19,18:28:33,-07:00,2025-04-19T18:28:33-07:00,0,13
contact/index.html,2,html,e23f060c,Parth Shinde,2025-04-19,18:28:33,-07:00,2025-04-19T18:28:33-07:00,0,14
contact/index.html,3,html,e23f060c,Parth Shinde,2025-04-19,18:28:33,-07:00,2025-04-19T18:28:33-07:00,0,4
contact/index.html,4,html,e23f060c,Parth Shinde,2025-04-19,18:28:33,-07:00,2025-04-19T18:28:33-07:00,2,20
contact/index.html,5,html,e23f060c,Parth Shinde,2025-04-19,18:28:33,-07:00,2025-04-19T18:28:33-07:00,2,68
contact/index.html,6,html,e23f060c,Parth Shinde,2025-04-19,18:28:33,-07:00,2025-04-19T18:28:33-07:00,2,39
contact/index.html,7,html,e23f060c,Parth Shinde,2025-04-19,18:28:33,-07:00,2025-04-19T18:28:33-07:00,2,41
contact/index.html,8,html,e23f060c,Parth Shinde,2025-04-19,18:28:33,-07:00,2025-04-19T18:28:33-07:00,2,46
contact/index.html,9,html,e23f060c,Parth Shinde,2025-04-19,18:28:33,-07:00,2025-04-19T18:28:33-07:00,2,4
contact/index.html,10,html,e23f060c,Parth Shinde,2025-04-19,18:28:33,-07:00,2025-04-19T18:28:33-07:00,3,17
contact/index.html,11,html,e23f060c,Parth Shinde,2025-04-19,18:28:33,-07:00,2025-04-19T18:28:33-07:00,3,3
contact/index.html,12,html,e23f060c,Parth Shinde,2025-04-19,18:28:33,-07:00,2025-04-19T18:28:33-07:00,4,30
contact/index.html,13,html,e23f060c,Parth Shinde,2025-04-19,18:28:33,-07:00,2025-04-19T18:28:33-07:00,4,10
contact/index.html,14,html,e23f060c,Parth Shinde,2025-04-19,18:28:33,-07:00,2025-04-19T18:28:33-07:00,3,0
contact/index.html,15,html,e23f060c,Parth Shinde,2025-04-19,18:28:33,-07:00,2025-04-19T18:28:33-07:00,4,5
contact/index.html,16,html,e23f060c,Parth Shinde,2025-04-19,18:28:33,-07:00,2025-04-19T18:28:33-07:00,5,6
contact/index.html,17,html,e23f060c,Parth Shinde,2025-04-19,18:28:33,-07:00,2025-04-19T18:28:33-07:00,5,20
contact/index.html,18,html,e23f060c,Parth Shinde,2025-04-19,18:28:33,-07:00,2025-04-19T18:28:33-07:00,4,6
contact/index.html,19,html,e23f060c,Parth Shinde,2025-04-19,18:28:33,-07:00,2025-04-19T18:28:33-07:00,3,0
contact/index.html,20,html,e23f060c,Parth Shinde,2025-04-19,18:28:33,-07:00,2025-04-19T18:28:33-07:00,4,5
contact/index.html,21,html,e23f060c,Parth Shinde,2025-04-19,18:28:33,-07:00,2025-04-19T18:28:33-07:00,5,6
contact/index.html,22,html,e23f060c,Parth Shinde,2025-04-19,18:28:33,-07:00,2025-04-19T18:28:33-07:00,5,40
contact/index.html,23,html,e23f060c,Parth Shinde,2025-04-19,18:28:33,-07:00,2025-04-19T18:28:33-07:00,4,6
contact/index.html,24,html,e23f060c,Parth Shinde,2025-04-19,18:28:33,-07:00,2025-04-19T18:28:33-07:00,3,0
contact/index.html,25,html,e23f060c,Parth Shinde,2025-04-19,18:28:33,-07:00,2025-04-19T18:28:33-07:00,4,19
contact/index.html,26,html,e23f060c,Parth Shinde,2025-04-19,18:28:33,-07:00,2025-04-19T18:28:33-07:00,3,5
contact/index.html,27,html,e23f060c,Parth Shinde,2025-04-19,18:28:33,-07:00,2025-04-19T18:28:33-07:00,2,5
contact/index.html,28,html,e23f060c,Parth Shinde,2025-04-19,18:28:33,-07:00,2025-04-19T18:28:33-07:00,0,5
contact/index.html,29,html,e23f060c,Parth Shinde,2025-04-19,18:28:33,-07:00,2025-04-19T18:28:33-07:00,0,4
contact/index.html,30,html,e23f060c,Parth Shinde,2025-04-19,18:28:33,-07:00,2025-04-19T18:28:33-07:00,1,48
contact/index.html,31,html,e23f060c,Parth Shinde,2025-04-19,18:28:33,-07:00,2025-04-19T18:28:33-07:00,0,5
contact/index.html,32,html,e23f060c,Parth Shinde,2025-04-19,18:28:33,-07:00,2025-04-19T18:28:33-07:00,0,5
contact/contact.js,1,js,e23f060c,Parth Shinde,2025-04-19,18:28:33,-07:00,2025-04-19T18:28:33-07:00,0,61
contact/contact.js,2,js,e23f060c,Parth Shinde,2025-04-19,18:28:33,-07:00,2025-04-19T18:28:33-07:00,0,16
contact/contact.js,3,js,e23f060c,Parth Shinde,2025-04-19,18:28:33,-07:00,2025-04-19T18:28:33-07:00,0,0
contact/contact.js,4,js,e23f060c,Parth Shinde,2025-04-19,18:28:33,-07:00,2025-04-19T18:28:33-07:00,0,38
contact/contact.js,5,js,e23f060c,Parth Shinde,2025-04-19,18:28:33,-07:00,2025-04-19T18:28:33-07:00,1,17
contact/contact.js,6,js,e23f060c,Parth Shinde,2025-04-19,18:28:33,-07:00,2025-04-19T18:28:33-07:00,0,0
contact/contact.js,7,js,e23f060c,Parth Shinde,2025-04-19,18:28:33,-07:00,2025-04-19T18:28:33-07:00,1,23
contact/contact.js,8,js,e23f060c,Parth Shinde,2025-04-19,18:28:33,-07:00,2025-04-19T18:28:33-07:00,1,30
contact/contact.js,9,js,e23f060c,Parth Shinde,2025-04-19,18:28:33,-07:00,2025-04-19T18:28:33-07:00,1,15
contact/contact.js,10,js,e23f060c,Parth Shinde,2025-04-19,18:28:33,-07:00,2025-04-19T18:28:33-07:00,0,0
contact/contact.js,11,js,e23f060c,Parth Shinde,2025-04-19,18:28:33,-07:00,2025-04-19T18:28:33-07:00,1,43
contact/contact.js,12,js,e23f060c,Parth Shinde,2025-04-19,18:28:33,-07:00,2025-04-19T18:28:33-07:00,2,49
contact/contact.js,13,js,e23f060c,Parth Shinde,2025-04-19,18:28:33,-07:00,2025-04-19T18:28:33-07:00,1,0
contact/contact.js,14,js,e23f060c,Parth Shinde,2025-04-19,18:28:33,-07:00,2025-04-19T18:28:33-07:00,0,0
contact/contact.js,15,js,e23f060c,Parth Shinde,2025-04-19,18:28:33,-07:00,2025-04-19T18:28:33-07:00,1,42
contact/contact.js,16,js,e23f060c,Parth Shinde,2025-04-19,18:28:33,-07:00,2025-04-19T18:28:33-07:00,1,21
contact/contact.js,17,js,e23f060c,Parth Shinde,2025-04-19,18:28:33,-07:00,2025-04-19T18:28:33-07:00,0,1
contact/contact.js,18,js,e23f060c,Parth Shinde,2025-04-19,18:28:33,-07:00,2025-04-19T18:28:33-07:00,1,0
